"Thursday, September 1, 2022",,,,,,,,
12:30,��USD,,Initial Jobless Claims,232K,248K,237K,,
13:45,��USD,,S&P Global US Manufacturing PMI (Aug),51.5,51.3,51.3,,
14:00,��USD,,ISM Manufacturing PMI (Aug),52.8,52,52.8,,
14:00,��USD,,ISM Manufacturing Prices (Aug),52.5,55.5,60,,
"Friday, September 2, 2022",,,,,,,,
12:30,��USD,,Average Hourly Earnings (MoM) (Aug),0.30%,0.40%,0.50%,,
12:30,��USD,,Nonfarm Payrolls (Aug),315K,300K,526K,,
12:30,��USD,,Unemployment Rate (Aug),3.70%,3.50%,3.50%,,
"Monday, September 5, 2022",,,,,,,,
All Day,,Holiday,United States - Labor Day,,,,,
"Tuesday, September 6, 2022",,,,,,,,
13:45,��USD,,S&P Global Services PMI (Aug),43.7,44.3,47.3,,
14:00,��USD,,ISM Non-Manufacturing PMI (Aug),56.9,55.1,56.7,,
14:00,��USD,,ISM Non-Manufacturing Prices (Aug),71.5,,72.3,,
"Thursday, September 8, 2022",,,,,,,,
12:15,��EUR,,Deposit Facility Rate (Sep),0.75%,0.50%,0.00%,,
12:15,��EUR,,ECB Interest Rate Decision (Sep),1.25%,1.25%,0.50%,,
12:30,��USD,,Initial Jobless Claims,222K,240K,228K,,
12:45,��EUR,,ECB Press Conference��,,,,,
13:10,��USD,,Fed Chair Powell Speaks��,,,,,
15:00,��USD,,Crude Oil Inventories,8.844M,-0.250M,-3.326M,,
"Monday, September 12, 2022",,,,,,,,
17:00,��USD,,10-Year Note Auction,3.33%,,2.76%,,
"Tuesday, September 13, 2022",,,,,,,,
6:00,��EUR,,German CPI (MoM) (Aug),0.30%,0.30%,0.90%,,
12:30,��USD,,Core CPI (MoM) (Aug),0.60%,0.30%,0.30%,,
12:30,��USD,,CPI (YoY) (Aug),8.30%,8.10%,8.50%,,
12:30,��USD,,CPI (MoM) (Aug),0.10%,-0.10%,0.00%,,
17:01,��USD,,30-Year Bond Auction,3.51%,,3.11%,,
"Wednesday, September 14, 2022",,,,,,,,
12:30,��USD,,PPI (MoM) (Aug),-0.10%,-0.10%,-0.40%,,
14:30,��USD,,Crude Oil Inventories,2.442M,0.833M,8.844M,,
"Thursday, September 15, 2022",,,,,,,,
12:30,��USD,,Core Retail Sales (MoM) (Aug),-0.30%,0.10%,0.40%,,
12:30,��USD,,Initial Jobless Claims,213K,226K,218K,,
12:30,��USD,,Philadelphia Fed Manufacturing Index (Sep),-9.9,2.8,6.2,,
12:30,��USD,,Retail Sales (MoM) (Aug),0.30%,0.20%,-0.40%,,
"Friday, September 16, 2022",,,,,,,,
9:00,��EUR,,CPI (YoY) (Aug),9.10%,9.10%,9.10%,,
"Wednesday, September 21, 2022",,,,,,,,
14:00,��USD,,Existing Home Sales (Aug),4.80M,4.70M,4.82M,,
14:30,��USD,,Crude Oil Inventories,1.142M,2.161M,2.442M,,
18:00,��USD,,FOMC Economic Projections��,,,,,
18:00,��USD,,FOMC Statement��,,,,,
18:00,��USD,,Fed Interest Rate Decision,3.25%,3.25%,2.50%,,
18:30,��USD,,FOMC Press Conference��,,,,,
"Thursday, September 22, 2022",,,,,,,,
12:30,��USD,,Initial Jobless Claims,213K,218K,208K,,
"Friday, September 23, 2022",,,,,,,,
13:45,��USD,,S&P Global US Manufacturing PMI (Sep)��,51.8,51.1,51.5,,
13:45,��USD,,S&P Global Services PMI (Sep)��,49.2,45,43.7,,
18:00,��USD,,Fed Chair Powell Speaks��,,,,,
"Tuesday, September 27, 2022",,,,,,,,
12:30,��USD,,Durable Goods Orders (MoM) (Aug),-0.20%,-0.40%,-0.10%,,
14:00,��USD,,CB Consumer Confidence (Sep),108,104.5,103.6,,
14:00,��USD,,New Home Sales (Aug),685K,500K,532K,,
"Wednesday, September 28, 2022",,,,,,,,
14:15,��USD,,Fed Chair Powell Speaks��,,,,,
14:30,��USD,,Crude Oil Inventories,-0.215M,0.443M,1.142M,,
"Thursday, September 29, 2022",,,,,,,,
12:00,��EUR,,German CPI (MoM) (Sep)��,1.90%,1.30%,0.30%,,
12:30,��USD,,GDP (QoQ) (Q2),-0.60%,-0.60%,-1.60%,,
12:30,��USD,,Initial Jobless Claims,193K,215K,209K,,
"Friday, September 30, 2022",,,,,,,,
9:00,��EUR,,CPI (YoY) (Sep)��,10.00%,9.70%,9.10%,,
12:30,��USD,,Core PCE Price Index (MoM) (Aug),0.60%,0.50%,0.10%,,
12:30,��USD,,Core PCE Price Index (YoY) (Aug),4.90%,4.70%,4.70%,,
13:45,��USD,,Chicago PMI (Sep),45.7,51.8,52.2,,
"Monday, October 3, 2022",,,,,,,,
13:45,��USD,,S&P Global US Manufacturing PMI (Sep),52,51.8,51.5,,
14:00,��USD,,ISM Manufacturing PMI (Sep),50.9,52.2,52.8,,
14:00,��USD,,ISM Manufacturing Prices (Sep),51.7,51.9,52.5,,
"Tuesday, October 4, 2022",,,,,,,,
14:00,��USD,,JOLTs Job Openings (Aug),10.053M,10.775M,11.170M,,
"Wednesday, October 5, 2022",,,,,,,,
12:15,��USD,,ADP Nonfarm Employment Change (Sep),208K,200K,185K,,
13:45,��USD,,S&P Global Services PMI (Sep),49.3,49.2,43.7,,
14:00,��USD,,ISM Non-Manufacturing PMI (Sep),56.7,56,56.9,,
14:00,��USD,,ISM Non-Manufacturing Prices (Sep),68.7,,71.5,,
14:30,��USD,,Crude Oil Inventories,-1.356M,2.052M,-0.215M,,
"Thursday, October 6, 2022",,,,,,,,
12:30,��USD,,Initial Jobless Claims,219K,203K,190K,,
"Friday, October 7, 2022",,,,,,,,
12:30,��USD,,Average Hourly Earnings (MoM) (Sep),0.30%,0.30%,0.30%,,
12:30,��USD,,Nonfarm Payrolls (Sep),263K,250K,315K,,
12:30,��USD,,Unemployment Rate (Sep),3.50%,3.70%,3.70%,,
"Wednesday, October 12, 2022",,,,,,,,
12:30,��USD,,PPI (MoM) (Sep),0.40%,0.20%,-0.20%,,
17:00,��USD,,10-Year Note Auction,3.93%,,3.33%,,
18:00,��USD,,FOMC Meeting Minutes��,,,,,
"Thursday, October 13, 2022",,,,,,,,
6:00,��EUR,,German CPI (MoM) (Sep),1.90%,1.90%,0.30%,,
12:30,��USD,,Core CPI (MoM) (Sep),0.60%,0.50%,0.60%,,
12:30,��USD,,CPI (MoM) (Sep),0.40%,0.20%,0.20%,,
12:30,��USD,,CPI (YoY) (Sep),8.20%,8.10%,8.20%,,
12:30,��USD,,Initial Jobless Claims,228K,225K,219K,,
15:00,��USD,,Crude Oil Inventories,9.880M,1.750M,-1.356M,,
17:00,��USD,,30-Year Bond Auction,3.93%,,3.51%,,
"Friday, October 14, 2022",,,,,,,,
12:30,��USD,,Core Retail Sales (MoM) (Sep),0.10%,-0.10%,-0.10%,,
12:30,��USD,,Retail Sales (MoM) (Sep),0.00%,0.20%,0.40%,,
"Wednesday, October 19, 2022",,,,,,,,
9:00,��EUR,,CPI (YoY) (Sep),9.90%,10.00%,9.10%,,
14:30,��USD,,Crude Oil Inventories,-1.725M,1.380M,9.880M,,
"Thursday, October 20, 2022",,,,,,,,
12:30,��USD,,Initial Jobless Claims,214K,230K,226K,,
12:30,��USD,,Philadelphia Fed Manufacturing Index (Oct),-8.7,-5,-9.9,,
14:00,��USD,,Existing Home Sales (Sep),4.71M,4.70M,4.78M,,
"Monday, October 24, 2022",,,,,,,,
13:45,��USD,,S&P Global US Manufacturing PMI (Oct)��,49.9,51,52,,
13:45,��USD,,S&P Global Services PMI (Oct)��,46.6,49.2,49.3,,
"Tuesday, October 25, 2022",,,,,,,,
14:00,��USD,,CB Consumer Confidence (Oct),102.5,106.5,107.8,,
"Wednesday, October 26, 2022",,,,,,,,
14:00,��USD,,New Home Sales (Sep),603K,585K,677K,,
14:30,��USD,,Crude Oil Inventories,2.588M,1.029M,-1.725M,,
"Thursday, October 27, 2022",,,,,,,,
12:15,��EUR,,Deposit Facility Rate (Oct),1.50%,1.50%,0.75%,,
12:15,��EUR,,ECB Interest Rate Decision (Oct),2.00%,2.00%,1.25%,,
12:30,��USD,,Durable Goods Orders (MoM) (Sep),0.40%,0.60%,0.20%,,
12:30,��USD,,GDP (QoQ) (Q3)��,2.60%,2.40%,-0.60%,,
12:30,��USD,,Initial Jobless Claims,217K,220K,214K,,
12:45,��EUR,,ECB Press Conference��,,,,,
"Friday, October 28, 2022",,,,,,,,
8:00,��EUR,,German GDP (QoQ) (Q3)��,0.30%,-0.20%,0.10%,,
12:00,��EUR,,German CPI (MoM) (Oct)��,0.90%,0.60%,1.90%,,
12:30,��USD,,Core PCE Price Index (MoM) (Sep),0.50%,0.50%,0.50%,,
12:30,��USD,,Core PCE Price Index (YoY) (Sep),5.10%,5.20%,4.90%,,
"Monday, October 31, 2022",,,,,,,,
10:00,��EUR,,CPI (YoY) (Oct)��,10.70%,10.20%,9.90%,,
13:45,��USD,,Chicago PMI (Oct),45.2,47,45.7,,
20:30,��USD,,U.S. President Biden Speaks��,,,,,
"Tuesday, November 1, 2022",,,,,,,,
13:45,��USD,,S&P Global US Manufacturing PMI (Oct),50.4,49.9,49.9,,
14:00,��USD,,ISM Manufacturing PMI (Oct),50.2,50,50.9,,
14:00,��USD,,ISM Manufacturing Prices (Oct),46.6,52.5,51.7,,
14:00,��USD,,JOLTs Job Openings (Sep),10.717M,10.000M,10.280M,,
"Wednesday, November 2, 2022",,,,,,,,
12:15,��USD,,ADP Nonfarm Employment Change (Oct),239K,195K,192K,,
14:30,��USD,,Crude Oil Inventories,-3.115M,0.367M,2.588M,,
18:00,��USD,,FOMC Statement��,,,,,
18:00,��USD,,Fed Interest Rate Decision,4.00%,4.00%,3.25%,,
18:30,��USD,,FOMC Press Conference��,,,,,
"Thursday, November 3, 2022",,,,,,,,
12:30,��USD,,Initial Jobless Claims,217K,220K,218K,,
13:45,��USD,,S&P Global Services PMI (Oct),47.8,46.6,49.3,,
14:00,��USD,,ISM Non-Manufacturing PMI (Oct),54.4,55.5,56.7,,
14:00,��USD,,ISM Non-Manufacturing Prices (Oct),70.7,,68.7,,
"Friday, November 4, 2022",,,,,,,,
12:30,��USD,,Average Hourly Earnings (MoM) (Oct),0.40%,0.30%,0.30%,,
12:30,��USD,,Nonfarm Payrolls (Oct),261K,200K,315K,,
12:30,��USD,,Unemployment Rate (Oct),3.70%,3.60%,3.50%,,
"Wednesday, November 9, 2022",,,,,,,,
15:30,��USD,,Crude Oil Inventories,3.925M,1.360M,-3.115M,,
18:00,��USD,,10-Year Note Auction,4.14%,,3.93%,,
"Thursday, November 10, 2022",,,,,,,,
13:30,��USD,,Core CPI (MoM) (Oct),0.30%,0.50%,0.60%,,
13:30,��USD,,CPI (MoM) (Oct),0.40%,0.60%,0.40%,,
13:30,��USD,,CPI (YoY) (Oct),7.70%,8.00%,8.20%,,
13:30,��USD,,Initial Jobless Claims,225K,220K,218K,,
18:00,��USD,,30-Year Bond Auction,4.08%,,3.93%,,
"Friday, November 11, 2022",,,,,,,,
7:00,��EUR,,German CPI (MoM) (Oct),0.90%,0.90%,1.90%,,
"Tuesday, November 15, 2022",,,,,,,,
13:30,��USD,,PPI (MoM) (Oct),0.20%,0.40%,0.20%,,
"Wednesday, November 16, 2022",,,,,,,,
13:30,��USD,,Core Retail Sales (MoM) (Oct),1.30%,0.40%,0.10%,,
13:30,��USD,,Retail Sales (MoM) (Oct),1.30%,1.00%,0.00%,,
15:30,��USD,,Crude Oil Inventories,-5.400M,-0.440M,3.925M,,
"Thursday, November 17, 2022",,,,,,,,
10:00,��EUR,,CPI (YoY) (Oct),10.60%,10.70%,9.90%,,
13:30,��USD,,Initial Jobless Claims,222K,225K,226K,,
13:30,��USD,,Philadelphia Fed Manufacturing Index (Nov),-19.4,-6.2,-8.7,,
18:45,��USD,,Sec Kashkari Speaks��,,,,,
"Friday, November 18, 2022",,,,,,,,
15:00,��USD,,Existing Home Sales (Oct),4.43M,4.38M,4.71M,,
"Wednesday, November 23, 2022",,,,,,,,
13:30,��USD,,Durable Goods Orders (MoM) (Oct),1.00%,0.40%,0.30%,,
13:30,��USD,,Initial Jobless Claims,240K,225K,223K,,
14:45,��USD,,S&P Global US Manufacturing PMI (Nov)��,47.6,50,50.4,,
14:45,��USD,,S&P Global Services PMI (Nov)��,46.1,47.9,47.8,,
15:00,��USD,,New Home Sales (Oct),632K,570K,588K,,
15:30,��USD,,Crude Oil Inventories,-3.691M,-1.055M,-5.400M,,
19:00,��USD,,FOMC Meeting Minutes��,,,,,
"Thursday, November 24, 2022",,,,,,,,
All Day,,Holiday,United States - Thanksgiving Day,,,,,
"Friday, November 25, 2022",,,,,,,,
,,Holiday,United States - Thanksgiving Day - Early close at 13:00,,,,,
7:00,��EUR,,German GDP (QoQ) (Q3),0.40%,0.30%,0.10%,,
"Tuesday, November 29, 2022",,,,,,,,
13:00,��EUR,,German CPI (MoM) (Nov)��,-0.50%,-0.20%,0.90%,,
15:00,��USD,,CB Consumer Confidence (Nov),100.2,100,102.2,,
"Wednesday, November 30, 2022",,,,,,,,
10:00,��EUR,,CPI (YoY) (Nov)��,10.00%,10.40%,10.60%,,
13:15,��USD,,ADP Nonfarm Employment Change (Nov),127K,200K,239K,,
13:30,��USD,,GDP (QoQ) (Q3)��,2.90%,2.70%,2.60%,,
14:45,��USD,,Chicago PMI (Nov),37.2,47,45.2,,
15:00,��USD,,JOLTs Job Openings (Oct),10.334M,10.300M,10.687M,,
15:30,��USD,,Crude Oil Inventories,-12.580M,-2.758M,-3.691M,,
18:30,��USD,,Fed Chair Powell Speaks��,,,,,
"Thursday, December 1, 2022",,,,,,,,
13:30,��USD,,Core PCE Price Index (YoY) (Oct),5.00%,5.00%,5.20%,,
13:30,��USD,,Core PCE Price Index (MoM) (Oct),0.20%,0.30%,0.50%,,
13:30,��USD,,Initial Jobless Claims,225K,235K,241K,,
14:45,��USD,,S&P Global US Manufacturing PMI (Nov),47.7,47.6,47.6,,
15:00,��USD,,ISM Manufacturing PMI (Nov),49,49.8,50.2,,
15:00,��USD,,ISM Manufacturing Prices (Nov),43,47.5,46.6,,
"Friday, December 2, 2022",,,,,,,,
12:30,��USD,,Unemployment Rate (Nov),3.70%,3.70%,3.70%,,
13:30,��USD,,Average Hourly Earnings (MoM) (Nov),0.60%,0.30%,0.50%,,
13:30,��USD,,Nonfarm Payrolls (Nov),263K,200K,284K,,
"Monday, December 5, 2022",,,,,,,,
14:45,��USD,,S&P Global Services PMI (Nov),46.2,46.1,47.8,,
15:00,��USD,,ISM Non-Manufacturing PMI (Nov),56.5,53.3,54.4,,
15:00,��USD,,ISM Non-Manufacturing Prices (Nov),70,,70.7,,
"Wednesday, December 7, 2022",,,,,,,,
15:30,��USD,,Crude Oil Inventories,-5.187M,-3.305M,-12.580M,,
"Thursday, December 8, 2022",,,,,,,,
13:30,��USD,,Initial Jobless Claims,230K,230K,226K,,
"Friday, December 9, 2022",,,,,,,,
13:30,��USD,,PPI (MoM) (Nov),0.30%,0.20%,0.30%,,
"Monday, December 12, 2022",,,,,,,,
18:00,��USD,,10-Year Note Auction,3.63%,,4.14%,,
"Tuesday, December 13, 2022",,,,,,,,
7:00,��EUR,,German CPI (MoM) (Nov),-0.50%,-0.50%,0.90%,,
13:30,��USD,,Core CPI (MoM) (Nov),0.20%,0.30%,0.30%,,
13:30,��USD,,CPI (YoY) (Nov),7.10%,7.30%,7.80%,,
13:30,��USD,,CPI (MoM) (Nov),0.10%,0.30%,0.50%,,
18:00,��USD,,30-Year Bond Auction,3.51%,,4.08%,,
"Wednesday, December 14, 2022",,,,,,,,
15:30,��USD,,Crude Oil Inventories,10.231M,-3.595M,-5.187M,,
19:00,��USD,,FOMC Economic Projections��,,,,,
19:00,��USD,,FOMC Statement��,,,,,
19:00,��USD,,Fed Interest Rate Decision,4.50%,4.50%,4.00%,,
19:30,��USD,,FOMC Press Conference��,,,,,
"Thursday, December 15, 2022",,,,,,,,
13:15,��EUR,,Deposit Facility Rate (Dec),2.00%,2.00%,1.50%,,
13:15,��EUR,,ECB Interest Rate Decision (Dec),2.50%,2.50%,2.00%,,
13:30,��USD,,Core Retail Sales (MoM) (Nov),-0.20%,0.20%,1.20%,,
13:30,��USD,,Initial Jobless Claims,211K,230K,231K,,
13:30,��USD,,Philadelphia Fed Manufacturing Index (Dec),-13.8,-10,-19.4,,
13:30,��USD,,Retail Sales (MoM) (Nov),-0.60%,-0.10%,1.30%,,
13:45,��EUR,,ECB Press Conference��,,,,,
"Friday, December 16, 2022",,,,,,,,
10:00,��EUR,,CPI (YoY) (Nov),10.10%,10.00%,10.60%,,
14:45,��USD,,S&P Global US Manufacturing PMI (Dec)��,46.2,47.7,47.7,,
14:45,��USD,,S&P Global Services PMI (Dec)��,44.4,46.8,46.2,,
"Wednesday, December 21, 2022",,,,,,,,
15:00,��USD,,CB Consumer Confidence (Dec),108.3,101,101.4,,
15:00,��USD,,Existing Home Sales (Nov),4.09M,4.20M,4.43M,,
15:30,��USD,,Crude Oil Inventories,-5.894M,-1.657M,10.231M,,
"Thursday, December 22, 2022",,,,,,,,
13:30,��USD,,GDP (QoQ) (Q3),3.20%,2.90%,-0.60%,,
13:30,��USD,,Initial Jobless Claims,216K,222K,214K,,
"Friday, December 23, 2022",,,,,,,,
13:30,��USD,,Core PCE Price Index (YoY) (Nov),4.70%,4.70%,5.00%,,
13:30,��USD,,Core PCE Price Index (MoM) (Nov),0.20%,0.20%,0.30%,,
13:30,��USD,,Durable Goods Orders (MoM) (Nov),-2.10%,-0.60%,0.70%,,
15:00,��USD,,New Home Sales (Nov),640K,600K,605K,,
"Monday, December 26, 2022",,,,,,,,
All Day,,Holiday,United States - Christmas,,,,,
All Day,,Holiday,Germany - Boxing Day,,,,,
All Day,,Holiday,France - Boxing Day,,,,,
"Thursday, December 29, 2022",,,,,,,,
13:30,��USD,,Initial Jobless Claims,225K,225K,216K,,
16:00,��USD,,Crude Oil Inventories,0.718M,-1.520M,-5.894M,,
"Friday, December 30, 2022",,,,,,,,
14:45,��USD,,Chicago PMI (Dec),44.9,40,37.2,,
"Monday, January 2, 2023",,,,,,,,
All Day,,Holiday,United States - New Year's Day,,,,,
"Tuesday, January 3, 2023",,,,,,,,
13:00,��EUR,,German CPI (MoM) (Dec)��,-0.80%,-0.30%,-0.50%,,
14:45,��USD,,S&P Global US Manufacturing PMI (Dec),46.2,46.2,47.7,,
"Wednesday, January 4, 2023",,,,,,,,
15:00,��USD,,ISM Manufacturing PMI (Dec),48.4,48.5,49,,
15:00,��USD,,ISM Manufacturing Prices (Dec),39.4,42.6,43,,
15:00,��USD,,JOLTs Job Openings (Nov),10.458M,10.000M,10.512M,,
19:00,��USD,,FOMC Meeting Minutes��,,,,,
"Thursday, January 5, 2023",,,,,,,,
13:15,��USD,,ADP Nonfarm Employment Change (Dec),235K,150K,182K,,
13:30,��USD,,Initial Jobless Claims,204K,225K,223K,,
14:45,��USD,,S&P Global Services PMI (Dec),44.7,44.4,46.2,,
16:00,��USD,,Crude Oil Inventories,1.694M,1.154M,0.718M,,
"Friday, January 6, 2023",,,,,,,,
10:00,��EUR,,CPI (YoY) (Dec)��,9.20%,9.70%,10.10%,,
13:30,��USD,,Average Hourly Earnings (MoM) (Dec),0.30%,0.40%,0.40%,,
13:30,��USD,,Nonfarm Payrolls (Dec),223K,200K,256K,,
13:30,��USD,,Unemployment Rate (Dec),3.50%,3.70%,3.60%,,
15:00,��USD,,ISM Non-Manufacturing PMI (Dec),49.6,55,56.5,,
15:00,��USD,,ISM Non-Manufacturing Prices (Dec),67.6,,70,,
"Tuesday, January 10, 2023",,,,,,,,
14:00,��USD,,Fed Chair Powell Speaks��,,,,,
"Wednesday, January 11, 2023",,,,,,,,
15:30,��USD,,Crude Oil Inventories,18.962M,-2.243M,1.694M,,
18:00,��USD,,10-Year Note Auction,3.58%,,3.63%,,
"Thursday, January 12, 2023",,,,,,,,
13:30,��USD,,Core CPI (MoM) (Dec),0.30%,0.30%,0.30%,,
13:30,��USD,,CPI (YoY) (Dec),6.50%,6.50%,7.10%,,
13:30,��USD,,CPI (MoM) (Dec),-0.10%,0.00%,0.20%,,
13:30,��USD,,Initial Jobless Claims,205K,215K,206K,,
18:00,��USD,,30-Year Bond Auction,3.59%,,3.51%,,
"Monday, January 16, 2023",,,,,,,,
All Day,,Holiday,"United States - Martin Luther King, Jr. Day",,,,,
"Tuesday, January 17, 2023",,,,,,,,
7:00,��EUR,,German CPI (MoM) (Dec),-0.80%,-0.80%,-0.50%,,
"Wednesday, January 18, 2023",,,,,,,,
10:00,��EUR,,CPI (YoY) (Dec),9.20%,9.20%,10.10%,,
13:30,��USD,,Core Retail Sales (MoM) (Dec),-1.10%,-0.40%,-0.60%,,
13:30,��USD,,PPI (MoM) (Dec),-0.50%,-0.10%,0.20%,,
13:30,��USD,,Retail Sales (MoM) (Dec),-1.10%,-0.80%,-1.00%,,
"Thursday, January 19, 2023",,,,,,,,
13:30,��USD,,Initial Jobless Claims,190K,214K,205K,,
13:30,��USD,,Philadelphia Fed Manufacturing Index (Jan),-8.9,-11,-13.7,,
16:00,��USD,,Crude Oil Inventories,8.408M,-0.593M,18.962M,,
"Friday, January 20, 2023",,,,,,,,
15:00,��USD,,Existing Home Sales (Dec),4.02M,3.96M,4.08M,,
"Tuesday, January 24, 2023",,,,,,,,
14:45,��USD,,S&P Global US Manufacturing PMI (Jan)��,46.8,46,46.2,,
14:45,��USD,,S&P Global Services PMI (Jan)��,46.6,45,44.7,,
"Wednesday, January 25, 2023",,,,,,,,
15:30,��USD,,Crude Oil Inventories,0.533M,0.971M,8.408M,,
"Thursday, January 26, 2023",,,,,,,,
13:30,��USD,,Durable Goods Orders (MoM) (Dec),5.60%,2.50%,-1.70%,,
13:30,��USD,,GDP (QoQ) (Q4)��,2.90%,2.60%,3.20%,,
13:30,��USD,,Initial Jobless Claims,186K,205K,192K,,
15:00,��USD,,New Home Sales (Dec),616K,617K,602K,,
19:45,��USD,,U.S. President Biden Speaks��,,,,,
"Friday, January 27, 2023",,,,,,,,
13:30,��USD,,Core PCE Price Index (MoM) (Dec),0.30%,0.30%,0.20%,,
13:30,��USD,,Core PCE Price Index (YoY) (Dec),4.40%,4.40%,4.70%,,
"Monday, January 30, 2023",,,,,,,,
9:00,��EUR,,German GDP (QoQ) (Q4)��,-0.20%,0.00%,0.50%,,
"Tuesday, January 31, 2023",,,,,,,,
14:45,��USD,,Chicago PMI (Jan),44.3,45,45.1,,
15:00,��USD,,CB Consumer Confidence (Jan),107.1,109,109,,
"Wednesday, February 1, 2023",,,,,,,,
10:00,��EUR,,CPI (YoY) (Jan)��,8.50%,9.00%,9.20%,,
13:15,��USD,,ADP Nonfarm Employment Change (Jan),106K,178K,253K,,
14:45,��USD,,S&P Global US Manufacturing PMI (Jan),46.9,46.8,46.8,,
15:00,��USD,,ISM Manufacturing PMI (Jan),47.4,48,48.4,,
15:00,��USD,,ISM Manufacturing Prices (Jan),44.5,39.5,39.4,,
15:00,��USD,,JOLTs Job Openings (Dec),11.012M,10.250M,10.440M,,
15:30,��USD,,Crude Oil Inventories,4.140M,0.376M,0.533M,,
19:00,��USD,,FOMC Statement��,,,,,
19:00,��USD,,Fed Interest Rate Decision,4.75%,4.75%,4.50%,,
19:30,��USD,,FOMC Press Conference��,,,,,
"Thursday, February 2, 2023",,,,,,,,
13:15,��EUR,,Deposit Facility Rate (Feb),2.50%,2.50%,2.00%,,
13:15,��EUR,,ECB Interest Rate Decision (Feb),3.00%,3.00%,2.50%,,
13:30,��USD,,Initial Jobless Claims,183K,200K,186K,,
13:45,��EUR,,ECB Press Conference��,,,,,
"Friday, February 3, 2023",,,,,,,,
13:30,��USD,,Average Hourly Earnings (MoM) (Jan),0.30%,0.30%,0.40%,,
13:30,��USD,,Nonfarm Payrolls (Jan),517K,185K,260K,,
13:30,��USD,,Unemployment Rate (Jan),3.40%,3.60%,3.50%,,
14:45,��USD,,S&P Global Services PMI (Jan),46.8,46.6,44.7,,
15:00,��USD,,ISM Non-Manufacturing PMI (Jan),55.2,50.4,49.2,,
15:00,��USD,,ISM Non-Manufacturing Prices (Jan),67.8,,68.1,,
"Tuesday, February 7, 2023",,,,,,,,
17:40,��USD,,Fed Chair Powell Speaks��,,,,,
"Wednesday, February 8, 2023",,,,,,,,
15:30,��USD,,Crude Oil Inventories,2.423M,2.457M,4.140M,,
18:01,��USD,,10-Year Note Auction,3.61%,,3.58%,,
"Thursday, February 9, 2023",,,,,,,,
7:00,��EUR,,German CPI (MoM) (Jan)��,1.00%,0.80%,-0.80%,,
13:30,��USD,,Initial Jobless Claims,196K,190K,183K,,
18:00,��USD,,30-Year Bond Auction,3.69%,,3.59%,,
"Tuesday, February 14, 2023",,,,,,,,
13:30,��USD,,Core CPI (MoM) (Jan),0.40%,0.40%,0.40%,,
13:30,��USD,,CPI (MoM) (Jan),0.50%,0.50%,0.10%,,
13:30,��USD,,CPI (YoY) (Jan),6.40%,6.20%,6.50%,,
"Wednesday, February 15, 2023",,,,,,,,
13:30,��USD,,Core Retail Sales (MoM) (Jan),2.30%,0.80%,-0.90%,,
13:30,��USD,,Retail Sales (MoM) (Jan),3.00%,1.80%,-1.10%,,
15:30,��USD,,Crude Oil Inventories,16.283M,1.166M,2.423M,,
"Thursday, February 16, 2023",,,,,,,,
13:30,��USD,,Initial Jobless Claims,194K,200K,195K,,
13:30,��USD,,Philadelphia Fed Manufacturing Index (Feb),-24.3,-7.4,-8.9,,
13:30,��USD,,PPI (MoM) (Jan),0.70%,0.40%,-0.20%,,
"Monday, February 20, 2023",,,,,,,,
All Day,,Holiday,United States - Washington's Birthday,,,,,
"Tuesday, February 21, 2023",,,,,,,,
14:45,��USD,,S&P Global US Manufacturing PMI (Feb)��,47.8,47.1,46.9,,
14:45,��USD,,S&P Global Services PMI (Feb)��,50.5,47.2,46.8,,
15:00,��USD,,Existing Home Sales (Jan),4.00M,4.10M,4.03M,,
"Wednesday, February 22, 2023",,,,,,,,
7:00,��EUR,,German CPI (MoM) (Feb),1.00%,1.00%,-0.80%,,
19:00,��USD,,FOMC Meeting Minutes��,,,,,
"Thursday, February 23, 2023",,,,,,,,
10:00,��EUR,,CPI (YoY) (Jan),8.60%,8.60%,9.20%,,
13:30,��USD,,GDP (QoQ) (Q4)��,2.70%,2.90%,3.20%,,
13:30,��USD,,Initial Jobless Claims,192K,200K,195K,,
16:00,��USD,,Crude Oil Inventories,7.648M,2.083M,16.283M,,
"Friday, February 24, 2023",,,,,,,,
7:00,��EUR,,German GDP (QoQ) (Q4),-0.40%,-0.20%,-0.20%,,
13:30,��USD,,Core PCE Price Index (YoY) (Jan),4.70%,4.30%,4.60%,,
13:30,��USD,,Core PCE Price Index (MoM) (Jan),0.60%,0.40%,0.40%,,
15:00,��USD,,New Home Sales (Jan),670K,620K,625K,,
"Monday, February 27, 2023",,,,,,,,
13:30,��USD,,Durable Goods Orders (MoM) (Jan),-4.50%,-4.00%,5.10%,,
"Tuesday, February 28, 2023",,,,,,,,
14:45,��USD,,Chicago PMI (Feb),43.6,45,44.3,,
15:00,��USD,,CB Consumer Confidence (Feb),102.9,108.5,106,,
"Wednesday, March 1, 2023",,,,,,,,
13:00,��EUR,,German CPI (MoM) (Feb)��,0.80%,0.60%,1.00%,,
14:45,��USD,,S&P Global US Manufacturing PMI (Feb),47.3,47.8,46.9,,
15:00,��USD,,ISM Manufacturing PMI (Feb),47.7,48,47.4,,
15:00,��USD,,ISM Manufacturing Prices (Feb),51.3,45.1,44.5,,
15:30,��USD,,Crude Oil Inventories,1.165M,0.457M,7.648M,,
"Thursday, March 2, 2023",,,,,,,,
10:00,��EUR,,CPI (YoY) (Feb)��,8.50%,8.20%,8.60%,,
13:30,��USD,,Initial Jobless Claims,190K,195K,192K,,
"Friday, March 3, 2023",,,,,,,,
14:45,��USD,,S&P Global Services PMI (Feb),50.6,50.5,46.8,,
15:00,��USD,,Fed Monetary Policy Report��,,,,,
15:00,��USD,,ISM Non-Manufacturing PMI (Feb),55.1,54.5,55.2,,
15:00,��USD,,ISM Non-Manufacturing Prices (Feb),65.6,,67.8,,
"Tuesday, March 7, 2023",,,,,,,,
15:00,��USD,,Fed Chair Powell Testifies��,,,,,
"Wednesday, March 8, 2023",,,,,,,,
13:15,��USD,,ADP Nonfarm Employment Change (Feb),242K,200K,119K,,
15:00,��USD,,Fed Chair Powell Testifies��,,,,,
15:00,��USD,,JOLTs Job Openings (Jan),10.824M,10.500M,11.234M,,
15:30,��USD,,Crude Oil Inventories,-1.694M,0.395M,1.165M,,
18:00,��USD,,10-Year Note Auction,3.99%,,3.61%,,
"Thursday, March 9, 2023",,,,,,,,
13:30,��USD,,Initial Jobless Claims,211K,195K,190K,,
18:00,��USD,,30-Year Bond Auction,3.88%,,3.69%,,
"Friday, March 10, 2023",,,,,,,,
7:00,��EUR,,German CPI (MoM) (Feb),0.80%,0.80%,1.00%,,
13:30,��USD,,Average Hourly Earnings (MoM) (Feb),0.20%,0.30%,0.30%,,
13:30,��USD,,Nonfarm Payrolls (Feb),311K,205K,504K,,
13:30,��USD,,Unemployment Rate (Feb),3.60%,3.40%,3.40%,,
"Monday, March 13, 2023",,,,,,,,
13:00,��USD,,U.S. President Biden Speaks��,,,,,
"Tuesday, March 14, 2023",,,,,,,,
12:30,��USD,,Core CPI (MoM) (Feb),0.50%,0.40%,0.40%,,
12:30,��USD,,CPI (MoM) (Feb),0.40%,0.40%,0.50%,,
12:30,��USD,,CPI (YoY) (Feb),6.00%,6.00%,6.40%,,
"Wednesday, March 15, 2023",,,,,,,,
12:30,��USD,,Core Retail Sales (MoM) (Feb),-0.10%,-0.10%,2.40%,,
12:30,��USD,,PPI (MoM) (Feb),-0.10%,0.30%,0.30%,,
12:30,��USD,,Retail Sales (MoM) (Feb),-0.40%,-0.30%,3.20%,,
14:30,��USD,,Crude Oil Inventories,1.550M,1.188M,-1.694M,,
"Thursday, March 16, 2023",,,,,,,,
12:30,��USD,,Initial Jobless Claims,192K,205K,212K,,
12:30,��USD,,Philadelphia Fed Manufacturing Index (Mar),-23.2,-15.6,-24.3,,
13:15,��EUR,,Deposit Facility Rate (Mar),3.00%,3.00%,2.50%,,
13:15,��EUR,,ECB Interest Rate Decision (Mar),3.50%,3.50%,3.00%,,
13:45,��EUR,,ECB Press Conference��,,,,,
"Friday, March 17, 2023",,,,,,,,
10:00,��EUR,,CPI (YoY) (Feb),8.50%,8.50%,8.60%,,
"Tuesday, March 21, 2023",,,,,,,,
14:00,��USD,,Existing Home Sales,4.58M,4.19M,4.00M,,
"Wednesday, March 22, 2023",,,,,,,,
14:30,��USD,,Crude Oil Inventories,1.117M,-1.565M,1.550M,,
18:00,��USD,,FOMC Economic Projections��,,,,,
18:00,��USD,,Fed Interest Rate Decision,5.00%,5.00%,4.75%,,
18:30,��USD,,FOMC Press Conference��,,,,,
"Thursday, March 23, 2023",,,,,,,,
12:30,��USD,,Initial Jobless Claims,191K,197K,192K,,
14:00,��USD,,New Home Sales (Feb),640K,650K,633K,,
"Friday, March 24, 2023",,,,,,,,
12:30,��USD,,Durable Goods Orders (MoM) (Feb),-1.00%,0.60%,-5.00%,,
13:45,��USD,,S&P Global US Manufacturing PMI (Mar)��,49.3,47,47.3,,
13:45,��USD,,S&P Global Services PMI (Mar)��,53.8,50.5,50.6,,
"Tuesday, March 28, 2023",,,,,,,,
14:00,��USD,,CB Consumer Confidence (Mar),104.2,101,103.4,,
"Wednesday, March 29, 2023",,,,,,,,
14:30,��USD,,Crude Oil Inventories,-7.489M,0.092M,1.117M,,
"Thursday, March 30, 2023",,,,,,,,
12:00,��EUR,,German CPI (MoM) (Mar)��,0.80%,0.70%,0.80%,,
12:30,��USD,,GDP (QoQ) (Q4),2.60%,2.70%,3.20%,,
12:30,��USD,,Initial Jobless Claims,198K,196K,191K,,
"Friday, March 31, 2023",,,,,,,,
9:00,��EUR,,CPI (YoY) (Mar)��,6.90%,7.10%,8.50%,,
12:30,��USD,,Core PCE Price Index (YoY) (Feb),4.60%,4.70%,4.70%,,
12:30,��USD,,Core PCE Price Index (MoM) (Feb),0.30%,0.40%,0.50%,,
13:45,��USD,,Chicago PMI (Mar),43.8,43.4,43.6,,
"Monday, April 3, 2023",,,,,,,,
13:45,��USD,,S&P Global US Manufacturing PMI (Mar),49.2,49.3,47.3,,
14:00,��USD,,ISM Manufacturing PMI (Mar),46.3,47.5,47.7,,
14:00,��USD,,ISM Manufacturing Prices (Mar),49.2,51.2,51.3,,
"Tuesday, April 4, 2023",,,,,,,,
14:00,��USD,,JOLTs Job Openings (Feb),9.931M,10.400M,10.563M,,
"Wednesday, April 5, 2023",,,,,,,,
12:15,��USD,,ADP Nonfarm Employment Change (Mar),145K,200K,261K,,
13:45,��USD,,S&P Global Services PMI (Mar),52.6,53.8,50.6,,
14:00,��USD,,ISM Non-Manufacturing PMI (Mar),51.2,54.5,55.1,,
14:00,��USD,,ISM Non-Manufacturing Prices (Mar),59.5,65,65.6,,
14:30,��USD,,Crude Oil Inventories,-3.739M,-2.329M,-7.489M,,
"Thursday, April 6, 2023",,,,,,,,
12:30,��USD,,Initial Jobless Claims,228K,200K,246K,,
"Friday, April 7, 2023",,,,,,,,
All Day,,Holiday,United States - Good Friday,,,,,
All Day,,Holiday,Germany - Good Friday,,,,,
All Day,,Holiday,France - Good Friday,,,,,
12:30,��USD,,Average Hourly Earnings (MoM) (Mar),0.30%,0.30%,0.20%,,
12:30,��USD,,Nonfarm Payrolls (Mar),236K,239K,326K,,
12:30,��USD,,Unemployment Rate (Mar),3.50%,3.60%,3.60%,,
"Monday, April 10, 2023",,,,,,,,
All Day,,Holiday,Germany - Easter,,,,,
All Day,,Holiday,France - Easter,,,,,
"Wednesday, April 12, 2023",,,,,,,,
12:30,��USD,,Core CPI (MoM) (Mar),0.40%,0.40%,0.50%,,
12:30,��USD,,CPI (YoY) (Mar),5.00%,5.20%,6.00%,,
12:30,��USD,,CPI (MoM) (Mar),0.10%,0.20%,0.40%,,
14:30,��USD,,Crude Oil Inventories,0.597M,-0.583M,-3.739M,,
17:00,��USD,,10-Year Note Auction,3.46%,,3.99%,,
18:00,��USD,,FOMC Meeting Minutes��,,,,,
"Thursday, April 13, 2023",,,,,,,,
6:00,��EUR,,German CPI (MoM) (Mar),0.80%,0.80%,0.80%,,
12:30,��USD,,Initial Jobless Claims,239K,232K,228K,,
12:30,��USD,,PPI (MoM) (Mar),-0.50%,0.10%,0.00%,,
17:00,��USD,,30-Year Bond Auction,3.66%,,3.88%,,
"Friday, April 14, 2023",,,,,,,,
12:30,��USD,,Core Retail Sales (MoM) (Mar),-0.80%,-0.30%,0.00%,,
12:30,��USD,,Retail Sales (MoM) (Mar),-1.00%,-0.40%,-0.20%,,
"Wednesday, April 19, 2023",,,,,,,,
9:00,��EUR,,CPI (YoY) (Mar),6.90%,6.90%,8.50%,,
14:30,��USD,,Crude Oil Inventories,-4.581M,-1.088M,0.597M,,
"Thursday, April 20, 2023",,,,,,,,
12:30,��USD,,Initial Jobless Claims,245K,240K,240K,,
12:30,��USD,,Philadelphia Fed Manufacturing Index (Apr),-31.3,-19.2,-23.2,,
14:00,��USD,,Existing Home Sales (Mar),4.44M,4.50M,4.55M,,
"Friday, April 21, 2023",,,,,,,,
13:45,��USD,,S&P Global US Manufacturing PMI (Apr)��,50.4,49,49.2,,
13:45,��USD,,S&P Global Services PMI (Apr)��,53.7,51.5,52.6,,
"Tuesday, April 25, 2023",,,,,,,,
14:00,��USD,,CB Consumer Confidence (Apr),101.3,104,104,,
14:00,��USD,,New Home Sales (Mar),683K,630K,623K,,
"Wednesday, April 26, 2023",,,,,,,,
12:30,��USD,,Durable Goods Orders (MoM) (Mar),3.20%,0.70%,-1.20%,,
14:30,��USD,,Crude Oil Inventories,-5.054M,-1.486M,-4.581M,,
"Thursday, April 27, 2023",,,,,,,,
12:30,��USD,,GDP (QoQ) (Q1)��,1.10%,2.00%,2.60%,,
12:30,��USD,,Initial Jobless Claims,230K,248K,246K,,
"Friday, April 28, 2023",,,,,,,,
8:00,��EUR,,German GDP (QoQ) (Q1)��,-0.10%,0.30%,0.80%,,
12:00,��EUR,,German CPI (MoM) (Apr)��,0.40%,0.60%,0.80%,,
12:30,��USD,,Core PCE Price Index (YoY) (Mar),4.60%,4.50%,4.70%,,
12:30,��USD,,Core PCE Price Index (MoM) (Mar),0.30%,0.30%,0.30%,,
13:45,��USD,,Chicago PMI (Apr),48.6,43.5,43.8,,
"Monday, May 1, 2023",,,,,,,,
All Day,,Holiday,Germany - Labor Day,,,,,
All Day,,Holiday,France - Labor Day,,,,,
13:45,��USD,,S&P Global US Manufacturing PMI (Apr),50.2,50.4,49.2,,
14:00,��USD,,ISM Manufacturing PMI (Apr),47.1,46.8,46.3,,
14:00,��USD,,ISM Manufacturing Prices (Apr),53.2,49,49.2,,
"Tuesday, May 2, 2023",,,,,,,,
9:00,��EUR,,CPI (YoY) (Apr)��,7.00%,7.00%,6.90%,,
14:00,��USD,,JOLTs Job Openings (Mar),9.590M,9.775M,9.974M,,
"Wednesday, May 3, 2023",,,,,,,,
12:15,��USD,,ADP Nonfarm Employment Change (Apr),296K,148K,142K,,
13:45,��USD,,S&P Global Services PMI (Apr),53.6,53.7,52.6,,
14:00,��USD,,ISM Non-Manufacturing PMI (Apr),51.9,51.8,51.2,,
14:00,��USD,,ISM Non-Manufacturing Prices (Apr),59.6,59.9,59.5,,
14:30,��USD,,Crude Oil Inventories,-1.280M,-1.100M,-5.054M,,
18:00,��USD,,FOMC Statement��,,,,,
18:00,��USD,,Fed Interest Rate Decision,5.25%,5.25%,5.00%,,
18:30,��USD,,FOMC Press Conference��,,,,,
"Thursday, May 4, 2023",,,,,,,,
12:15,��EUR,,Deposit Facility Rate (May),3.25%,3.25%,3.00%,,
12:15,��EUR,,ECB Interest Rate Decision (May),3.75%,3.75%,3.50%,,
12:30,��USD,,Initial Jobless Claims,242K,240K,229K,,
12:45,��EUR,,ECB Press Conference��,,,,,
"Friday, May 5, 2023",,,,,,,,
12:30,��USD,,Average Hourly Earnings (MoM) (Apr),0.50%,0.30%,0.30%,,
12:30,��USD,,Nonfarm Payrolls (Apr),253K,180K,165K,,
12:30,��USD,,Unemployment Rate (Apr),3.40%,3.60%,3.50%,,
"Wednesday, May 10, 2023",,,,,,,,
6:00,��EUR,,German CPI (MoM) (Apr),0.40%,0.40%,0.80%,,
12:30,��USD,,Core CPI (MoM) (Apr),0.40%,0.40%,0.40%,,
12:30,��USD,,CPI (YoY) (Apr),4.90%,5.00%,5.00%,,
12:30,��USD,,CPI (MoM) (Apr),0.40%,0.40%,0.10%,,
14:30,��USD,,Crude Oil Inventories,2.951M,-0.917M,-1.280M,,
17:00,��USD,,10-Year Note Auction,3.45%,,3.46%,,
"Thursday, May 11, 2023",,,,,,,,
12:30,��USD,,Initial Jobless Claims,264K,245K,242K,,
12:30,��USD,,PPI (MoM) (Apr),0.20%,0.30%,-0.40%,,
17:00,��USD,,30-Year Bond Auction,3.74%,,3.66%,,
"Tuesday, May 16, 2023",,,,,,,,
12:30,��USD,,Core Retail Sales (MoM) (Apr),0.40%,0.40%,-0.50%,,
12:30,��USD,,Retail Sales (MoM) (Apr),0.40%,0.80%,-0.70%,,
"Wednesday, May 17, 2023",,,,,,,,
9:00,��EUR,,CPI (YoY) (Apr),7.00%,7.00%,6.90%,,
14:30,��USD,,Crude Oil Inventories,5.040M,-0.920M,2.951M,,
"Thursday, May 18, 2023",,,,,,,,
12:30,��USD,,Initial Jobless Claims,242K,254K,264K,,
12:30,��USD,,Philadelphia Fed Manufacturing Index (May),-10.4,-19.8,-31.3,,
14:00,��USD,,Existing Home Sales (Apr),4.28M,4.30M,4.43M,,
"Friday, May 19, 2023",,,,,,,,
15:00,��USD,,Fed Chair Powell Speaks��,,,,,
"Tuesday, May 23, 2023",,,,,,,,
13:45,��USD,,S&P Global US Manufacturing PMI (May)��,48.5,50,50.2,,
13:45,��USD,,S&P Global Services PMI (May)��,55.1,52.6,53.6,,
14:00,��USD,,New Home Sales (Apr),683K,663K,656K,,
16:30,��USD,,Fed Chair Powell Speaks��,,,,,
"Wednesday, May 24, 2023",,,,,,,,
14:30,��USD,,Crude Oil Inventories,-12.456M,-0.920M,5.040M,,
18:00,��USD,,FOMC Meeting Minutes��,,,,,
"Thursday, May 25, 2023",,,,,,,,
6:00,��EUR,,German GDP (QoQ) (Q1),-0.30%,-0.10%,-0.40%,,
12:30,��USD,,GDP (QoQ) (Q1)��,1.30%,1.10%,2.60%,,
12:30,��USD,,Initial Jobless Claims,229K,250K,225K,,
"Friday, May 26, 2023",,,,,,,,
12:30,��USD,,Core PCE Price Index (MoM) (Apr),0.40%,0.30%,0.30%,,
12:30,��USD,,Core PCE Price Index (YoY) (Apr),4.70%,4.60%,4.60%,,
12:30,��USD,,Durable Goods Orders (MoM) (Apr),1.10%,-1.00%,3.30%,,
"Monday, May 29, 2023",,,,,,,,
All Day,,Holiday,United States - Memorial Day,,,,,
"Tuesday, May 30, 2023",,,,,,,,
14:00,��USD,,CB Consumer Confidence (May),102.3,99,103.7,,
"Wednesday, May 31, 2023",,,,,,,,
12:00,��EUR,,German CPI (MoM) (May)��,-0.10%,0.60%,0.40%,,
13:45,��USD,,Chicago PMI (May),40.4,47,48.6,,
14:00,��USD,,JOLTs Job Openings (Apr),10.103M,9.775M,9.745M,,
"Thursday, June 1, 2023",,,,,,,,
9:00,��EUR,,CPI (YoY) (May)��,6.10%,6.30%,7.00%,,
12:15,��USD,,ADP Nonfarm Employment Change (May),278K,170K,291K,,
12:30,��USD,,Initial Jobless Claims,232K,235K,230K,,
13:45,��USD,,S&P Global US Manufacturing PMI (May),48.4,48.5,50.2,,
14:00,��USD,,ISM Manufacturing PMI (May),46.9,47,47.1,,
14:00,��USD,,ISM Manufacturing Prices (May),44.2,52,53.2,,
15:00,��USD,,Crude Oil Inventories,4.488M,-1.101M,-12.456M,,
"Friday, June 2, 2023",,,,,,,,
12:30,��USD,,Average Hourly Earnings (MoM) (May),0.30%,0.40%,0.40%,,
12:30,��USD,,Nonfarm Payrolls (May),339K,180K,294K,,
12:30,��USD,,Unemployment Rate (May),3.70%,3.50%,3.40%,,
"Monday, June 5, 2023",,,,,,,,
13:45,��USD,,S&P Global Services PMI (May),54.9,55.1,53.6,,
14:00,��USD,,ISM Non-Manufacturing PMI (May),50.3,52.2,51.9,,
14:00,��USD,,ISM Non-Manufacturing Prices (May),56.2,57.8,59.6,,
"Wednesday, June 7, 2023",,,,,,,,
14:30,��USD,,Crude Oil Inventories,-0.451M,1.022M,4.488M,,
"Thursday, June 8, 2023",,,,,,,,
12:30,��USD,,Initial Jobless Claims,261K,235K,233K,,
"Monday, June 12, 2023",,,,,,,,
17:00,��USD,,10-Year Note Auction,3.79%,,3.45%,,
"Tuesday, June 13, 2023",,,,,,,,
6:00,��EUR,,German CPI (MoM) (May),-0.10%,-0.10%,0.40%,,
12:30,��USD,,Core CPI (MoM) (May),0.40%,0.40%,0.40%,,
12:30,��USD,,CPI (MoM) (May),0.10%,0.20%,0.40%,,
12:30,��USD,,CPI (YoY) (May),4.00%,4.10%,4.90%,,
17:00,��USD,,30-Year Bond Auction,3.91%,,3.74%,,
"Wednesday, June 14, 2023",,,,,,,,
12:30,��USD,,PPI (MoM) (May),-0.30%,-0.10%,0.20%,,
14:30,��USD,,Crude Oil Inventories,7.919M,1.482M,-0.451M,,
18:00,��USD,,FOMC Economic Projections��,,,,,
18:00,��USD,,FOMC Statement��,,,,,
18:00,��USD,,Fed Interest Rate Decision,5.25%,5.25%,5.25%,,
18:30,��USD,,FOMC Press Conference��,,,,,
"Thursday, June 15, 2023",,,,,,,,
12:15,��EUR,,Deposit Facility Rate (Jun),3.50%,3.50%,3.25%,,
12:15,��EUR,,ECB Interest Rate Decision (Jun),4.00%,4.00%,3.75%,,
12:30,��USD,,Core Retail Sales (MoM) (May),0.10%,0.10%,0.40%,,
12:30,��USD,,Initial Jobless Claims,262K,250K,262K,,
12:30,��USD,,Philadelphia Fed Manufacturing Index (Jun),-13.7,-13.5,-10.4,,
12:30,��USD,,Retail Sales (MoM) (May),0.30%,-0.10%,0.40%,,
12:45,��EUR,,ECB Press Conference��,,,,,
"Friday, June 16, 2023",,,,,,,,
9:00,��EUR,,CPI (YoY) (May),6.10%,6.10%,7.00%,,
15:00,��USD,,Fed Monetary Policy Report��,,,,,
"Monday, June 19, 2023",,,,,,,,
All Day,,Holiday,United States - Juneteenth,,,,,
"Wednesday, June 21, 2023",,,,,,,,
14:00,��USD,,Fed Chair Powell Testifies��,,,,,
"Thursday, June 22, 2023",,,,,,,,
12:30,��USD,,Initial Jobless Claims,264K,260K,264K,,
14:00,��USD,,Existing Home Sales (May),4.30M,4.25M,4.29M,,
14:00,��USD,,Fed Chair Powell Testifies��,,,,,
15:00,��USD,,Crude Oil Inventories,-3.831M,0.329M,7.919M,,
"Friday, June 23, 2023",,,,,,,,
13:45,��USD,,S&P Global US Manufacturing PMI (Jun)��,46.3,48.5,48.4,,
13:45,��USD,,S&P Global Services PMI (Jun)��,54.1,54,54.9,,
"Tuesday, June 27, 2023",,,,,,,,
12:30,��USD,,Durable Goods Orders (MoM) (May),1.70%,-1.00%,1.20%,,
14:00,��USD,,CB Consumer Confidence (Jun),109.7,104,102.5,,
14:00,��USD,,New Home Sales (May),763K,675K,680K,,
"Wednesday, June 28, 2023",,,,,,,,
13:30,��USD,,Fed Chair Powell Speaks��,,,,,
14:30,��USD,,Crude Oil Inventories,-9.603M,-1.757M,-3.831M,,
"Thursday, June 29, 2023",,,,,,,,
6:30,��USD,,Fed Chair Powell Speaks��,,,,,
12:00,��EUR,,German CPI (MoM) (Jun)��,0.30%,0.20%,-0.10%,,
12:30,��USD,,GDP (QoQ) (Q1),2.00%,1.40%,2.60%,,
12:30,��USD,,Initial Jobless Claims,239K,266K,265K,,
"Friday, June 30, 2023",,,,,,,,
9:00,��EUR,,CPI (YoY) (Jun)��,5.50%,5.60%,6.10%,,
12:30,��USD,,Core PCE Price Index (MoM) (May),0.30%,0.30%,0.40%,,
12:30,��USD,,Core PCE Price Index (YoY) (May),4.60%,4.70%,4.70%,,
13:45,��USD,,Chicago PMI (Jun),41.5,44,40.4,,
"Monday, July 3, 2023",,,,,,,,
,,Holiday,United States - Independence Day - Early close at 13:00,,,,,
13:45,��USD,,S&P Global US Manufacturing PMI (Jun),46.3,46.3,48.4,,
14:00,��USD,,ISM Manufacturing PMI (Jun),46,47.2,46.9,,
14:00,��USD,,ISM Manufacturing Prices (Jun),41.8,44,44.2,,
"Tuesday, July 4, 2023",,,,,,,,
All Day,,Holiday,United States - Independence Day,,,,,
"Wednesday, July 5, 2023",,,,,,,,
18:00,��USD,,FOMC Meeting Minutes��,,,,,
"Thursday, July 6, 2023",,,,,,,,
12:15,��USD,,ADP Nonfarm Employment Change (Jun),497K,228K,267K,,
12:30,��USD,,Initial Jobless Claims,248K,245K,236K,,
13:45,��USD,,S&P Global Services PMI (Jun),54.4,54.1,54.9,,
14:00,��USD,,ISM Non-Manufacturing PMI (Jun),53.9,51,50.3,,
14:00,��USD,,ISM Non-Manufacturing Prices (Jun),54.1,53.3,56.2,,
14:00,��USD,,JOLTs Job Openings (May),9.824M,9.935M,10.320M,,
15:00,��USD,,Crude Oil Inventories,-1.508M,-0.983M,-9.603M,,
"Friday, July 7, 2023",,,,,,,,
12:30,��USD,,Average Hourly Earnings (MoM) (Jun),0.40%,0.30%,0.40%,,
12:30,��USD,,Nonfarm Payrolls (Jun),209K,225K,306K,,
12:30,��USD,,Unemployment Rate (Jun),3.60%,3.60%,3.70%,,
"Tuesday, July 11, 2023",,,,,,,,
6:00,��EUR,,German CPI (MoM) (Jun),0.30%,0.30%,-0.10%,,
"Wednesday, July 12, 2023",,,,,,,,
12:30,��USD,,Core CPI (MoM) (Jun),0.20%,0.30%,0.40%,,
12:30,��USD,,CPI (YoY) (Jun),3.00%,3.10%,4.00%,,
12:30,��USD,,CPI (MoM) (Jun),0.20%,0.30%,0.10%,,
14:30,��USD,,Crude Oil Inventories,5.946M,0.483M,-1.508M,,
17:00,��USD,,10-Year Note Auction,3.86%,,3.79%,,
"Thursday, July 13, 2023",,,,,,,,
12:30,��USD,,Initial Jobless Claims,237K,250K,249K,,
12:30,��USD,,PPI (MoM) (Jun),0.10%,0.20%,-0.40%,,
17:00,��USD,,30-Year Bond Auction,3.91%,,3.91%,,
"Tuesday, July 18, 2023",,,,,,,,
12:30,��USD,,Core Retail Sales (MoM) (Jun),0.20%,0.30%,0.30%,,
12:30,��USD,,Retail Sales (MoM) (Jun),0.20%,0.50%,0.50%,,
"Wednesday, July 19, 2023",,,,,,,,
9:00,��EUR,,CPI (YoY) (Jun),5.50%,5.50%,6.10%,,
14:30,��USD,,Crude Oil Inventories,-0.708M,-2.440M,5.946M,,
"Thursday, July 20, 2023",,,,,,,,
12:30,��USD,,Initial Jobless Claims,228K,242K,237K,,
12:30,��USD,,Philadelphia Fed Manufacturing Index (Jul),-13.5,-10,-13.7,,
14:00,��USD,,Existing Home Sales (Jun),4.16M,4.20M,4.30M,,
"Monday, July 24, 2023",,,,,,,,
13:45,��USD,,S&P Global US Manufacturing PMI (Jul)��,49,46.4,46.3,,
13:45,��USD,,S&P Global Services PMI (Jul)��,52.4,54,54.4,,
"Tuesday, July 25, 2023",,,,,,,,
14:00,��USD,,CB Consumer Confidence (Jul),117,111.8,110.1,,
"Wednesday, July 26, 2023",,,,,,,,
14:00,��USD,,New Home Sales (Jun),697K,725K,715K,,
14:30,��USD,,Crude Oil Inventories,-0.600M,-2.348M,-0.708M,,
18:00,��USD,,FOMC Statement��,,,,,
18:00,��USD,,Fed Interest Rate Decision,5.50%,5.50%,5.25%,,
18:30,��USD,,FOMC Press Conference��,,,,,
"Thursday, July 27, 2023",,,,,,,,
12:15,��EUR,,Deposit Facility Rate (Jul),3.75%,3.75%,3.50%,,
12:15,��EUR,,ECB Interest Rate Decision (Jul),4.25%,4.25%,4.00%,,
12:30,��USD,,Durable Goods Orders (MoM) (Jun),4.70%,1.00%,2.00%,,
12:30,��USD,,GDP (QoQ) (Q2)��,2.40%,1.80%,2.00%,,
12:30,��USD,,Initial Jobless Claims,221K,235K,228K,,
12:45,��EUR,,ECB Press Conference��,,,,,
"Friday, July 28, 2023",,,,,,,,
8:00,��EUR,,German GDP (QoQ) (Q2)��,0.00%,0.10%,-0.10%,,
12:00,��EUR,,German CPI (MoM) (Jul)��,0.30%,0.30%,0.30%,,
12:30,��USD,,Core PCE Price Index (YoY) (Jun),4.10%,4.20%,4.60%,,
12:30,��USD,,Core PCE Price Index (MoM) (Jun),0.20%,0.20%,0.30%,,
"Monday, July 31, 2023",,,,,,,,
9:00,��EUR,,CPI (YoY) (Jul)��,5.30%,5.30%,5.50%,,
13:45,��USD,,Chicago PMI (Jul),42.8,43,41.5,,
"Tuesday, August 1, 2023",,,,,,,,
13:45,��USD,,S&P Global US Manufacturing PMI (Jul),49,49,46.3,,
14:00,��USD,,ISM Manufacturing PMI (Jul),46.4,46.8,46,,
14:00,��USD,,ISM Manufacturing Prices (Jul),42.6,42.8,41.8,,
14:00,��USD,,JOLTs Job Openings (Jun),9.582M,9.610M,9.616M,,
"Wednesday, August 2, 2023",,,,,,,,
12:15,��USD,,ADP Nonfarm Employment Change (Jul),324K,189K,455K,,
14:30,��USD,,Crude Oil Inventories,-17.049M,-1.367M,-0.600M,,
"Thursday, August 3, 2023",,,,,,,,
12:30,��USD,,Initial Jobless Claims,227K,227K,221K,,
13:45,��USD,,S&P Global Services PMI (Jul),52.3,52.4,54.4,,
14:00,��USD,,ISM Non-Manufacturing PMI (Jul),52.7,53,53.9,,
14:00,��USD,,ISM Non-Manufacturing Prices (Jul),56.8,52.1,54.1,,
"Friday, August 4, 2023",,,,,,,,
12:30,��USD,,Average Hourly Earnings (MoM) (Jul),0.40%,0.30%,0.40%,,
12:30,��USD,,Nonfarm Payrolls (Jul),187K,200K,185K,,
12:30,��USD,,Unemployment Rate (Jul),3.50%,3.60%,3.60%,,
"Tuesday, August 8, 2023",,,,,,,,
6:00,��EUR,,German CPI (MoM) (Jul),0.30%,0.30%,0.30%,,
"Wednesday, August 9, 2023",,,,,,,,
14:30,��USD,,Crude Oil Inventories,5.851M,0.567M,-17.049M,,
17:00,��USD,,10-Year Note Auction,4.00%,,3.86%,,
"Thursday, August 10, 2023",,,,,,,,
12:30,��USD,,Core CPI (MoM) (Jul),0.20%,0.20%,0.20%,,
12:30,��USD,,CPI (MoM) (Jul),0.20%,0.20%,0.20%,,
12:30,��USD,,CPI (YoY) (Jul),3.20%,3.30%,3.00%,,
12:30,��USD,,Initial Jobless Claims,248K,230K,227K,,
17:01,��USD,,30-Year Bond Auction,4.19%,,3.91%,,
"Friday, August 11, 2023",,,,,,,,
12:30,��USD,,PPI (MoM) (Jul),0.30%,0.20%,0.00%,,
"Tuesday, August 15, 2023",,,,,,,,
12:30,��USD,,Core Retail Sales (MoM) (Jul),1.00%,-0.30%,0.20%,,
12:30,��USD,,Retail Sales (MoM) (Jul),0.70%,0.40%,0.30%,,
"Wednesday, August 16, 2023",,,,,,,,
14:30,��USD,,Crude Oil Inventories,-5.960M,-2.320M,5.851M,,
18:00,��USD,,FOMC Meeting Minutes��,,,,,
"Thursday, August 17, 2023",,,,,,,,
12:30,��USD,,Initial Jobless Claims,239K,240K,250K,,
12:30,��USD,,Philadelphia Fed Manufacturing Index (Aug),12,-10,-13.5,,
"Friday, August 18, 2023",,,,,,,,
9:00,��EUR,,CPI (YoY) (Jul),5.30%,5.30%,5.50%,,
"Tuesday, August 22, 2023",,,,,,,,
14:00,��USD,,Existing Home Sales (Jul),4.07M,4.15M,4.16M,,
"Wednesday, August 23, 2023",,,,,,,,
13:45,��USD,,S&P Global US Manufacturing PMI (Aug)��,47,49.3,49,,
13:45,��USD,,S&P Global Services PMI (Aug)��,51,52.3,52.3,,
14:00,��USD,,New Home Sales (Jul),714K,705K,684K,,
14:30,��USD,,Crude Oil Inventories,-6.135M,-2.850M,-5.960M,,
"Thursday, August 24, 2023",,,,,,,,
12:30,��USD,,Durable Goods Orders (MoM) (Jul),-5.20%,-4.00%,4.40%,,
12:30,��USD,,Initial Jobless Claims,230K,240K,240K,,
"Friday, August 25, 2023",,,,,,,,
6:00,��EUR,,German GDP (QoQ) (Q2),0.00%,0.00%,-0.10%,,
14:05,��USD,,Fed Chair Powell Speaks��,,,,,
"Tuesday, August 29, 2023",,,,,,,,
14:00,��USD,,CB Consumer Confidence (Aug),106.1,116,114,,
14:00,��USD,,JOLTs Job Openings (Jul),8.827M,9.465M,9.165M,,
"Wednesday, August 30, 2023",,,,,,,,
12:00,��EUR,,German CPI (MoM) (Aug)��,0.30%,0.30%,0.30%,,
12:15,��USD,,ADP Nonfarm Employment Change (Aug),177K,195K,371K,,
12:30,��USD,,GDP (QoQ) (Q2)��,2.10%,2.40%,2.00%,,
14:30,��USD,,Crude Oil Inventories,-10.584M,-3.267M,-6.135M,,
"Thursday, August 31, 2023",,,,,,,,
9:00,��EUR,,CPI (YoY) (Aug)��,5.30%,5.10%,5.30%,,
12:30,��USD,,Core PCE Price Index (MoM) (Jul),0.20%,0.20%,0.20%,,
12:30,��USD,,Core PCE Price Index (YoY) (Jul),4.20%,4.20%,4.10%,,
12:30,��USD,,Initial Jobless Claims,228K,235K,232K,,
13:45,��USD,,Chicago PMI (Aug),48.7,44.1,42.8,,
"Friday, September 1, 2023",,,,,,,,
12:30,��USD,,Average Hourly Earnings (MoM) (Aug),0.20%,0.30%,0.40%,,
12:30,��USD,,Nonfarm Payrolls (Aug),187K,170K,157K,,
12:30,��USD,,Unemployment Rate (Aug),3.80%,3.50%,3.50%,,
13:45,��USD,,S&P Global US Manufacturing PMI (Aug),47.9,47,49,,
14:00,��USD,,ISM Manufacturing PMI (Aug),47.6,47,46.4,,
14:00,��USD,,ISM Manufacturing Prices (Aug),48.4,43.9,42.6,,
"Monday, September 4, 2023",,,,,,,,
All Day,,Holiday,United States - Labor Day,,,,,
"Wednesday, September 6, 2023",,,,,,,,
13:45,��USD,,S&P Global Services PMI (Aug),50.5,51,52.3,,
14:00,��USD,,ISM Non-Manufacturing PMI (Aug),54.5,52.5,52.7,,
14:00,��USD,,ISM Non-Manufacturing Prices (Aug),58.9,,56.8,,
"Thursday, September 7, 2023",,,,,,,,
12:30,��USD,,Initial Jobless Claims,216K,234K,229K,,
15:00,��USD,,Crude Oil Inventories,-6.307M,-2.064M,-10.584M,,
"Friday, September 8, 2023",,,,,,,,
6:00,��EUR,,German CPI (MoM) (Aug),0.30%,0.30%,0.30%,,
"Tuesday, September 12, 2023",,,,,,,,
17:00,��USD,,10-Year Note Auction,4.29%,,4.00%,,
"Wednesday, September 13, 2023",,,,,,,,
12:30,��USD,,Core CPI (MoM) (Aug),0.30%,0.20%,0.20%,,
12:30,��USD,,CPI (MoM) (Aug),0.60%,0.60%,0.20%,,
12:30,��USD,,CPI (YoY) (Aug),3.70%,3.60%,3.20%,,
14:30,��USD,,Crude Oil Inventories,3.954M,-1.912M,-6.307M,,
17:00,��USD,,30-Year Bond Auction,4.35%,,4.19%,,
"Thursday, September 14, 2023",,,,,,,,
12:15,��EUR,,Deposit Facility Rate (Sep),4.00%,3.75%,3.75%,,
12:15,��EUR,,ECB Interest Rate Decision (Sep),4.50%,4.25%,4.25%,,
12:30,��USD,,Core Retail Sales (MoM) (Aug),0.60%,0.40%,0.70%,,
12:30,��USD,,Initial Jobless Claims,220K,225K,217K,,
12:30,��USD,,PPI (MoM) (Aug),0.70%,0.40%,0.40%,,
12:30,��USD,,Retail Sales (MoM) (Aug),0.60%,0.20%,0.50%,,
12:45,��EUR,,ECB Press Conference��,,,,,
"Tuesday, September 19, 2023",,,,,,,,
9:00,��EUR,,CPI (YoY) (Aug),5.20%,5.30%,5.30%,,
"Wednesday, September 20, 2023",,,,,,,,
14:30,��USD,,Crude Oil Inventories,-2.135M,-2.200M,3.954M,,
18:00,��USD,,FOMC Economic Projections��,,,,,
18:00,��USD,,FOMC Statement��,,,,,
18:00,��USD,,Fed Interest Rate Decision,5.50%,5.50%,5.50%,,
18:30,��USD,,FOMC Press Conference��,,,,,
"Thursday, September 21, 2023",,,,,,,,
12:30,��USD,,Initial Jobless Claims,201K,225K,221K,,
12:30,��USD,,Philadelphia Fed Manufacturing Index (Sep),-13.5,-0.7,12,,
14:00,��USD,,Existing Home Sales (Aug),4.04M,4.10M,4.07M,,
"Friday, September 22, 2023",,,,,,,,
13:45,��USD,,S&P Global US Manufacturing PMI (Sep)��,48.9,48,47.9,,
13:45,��USD,,S&P Global Services PMI (Sep)��,50.2,50.6,50.5,,
"Tuesday, September 26, 2023",,,,,,,,
14:00,��USD,,CB Consumer Confidence (Sep),103,105.5,108.7,,
14:00,��USD,,New Home Sales (Aug),675K,700K,739K,,
"Wednesday, September 27, 2023",,,,,,,,
12:30,��USD,,Durable Goods Orders (MoM) (Aug),0.20%,-0.50%,-5.60%,,
14:30,��USD,,Crude Oil Inventories,-2.170M,-1.320M,-2.135M,,
"Thursday, September 28, 2023",,,,,,,,
12:00,��EUR,,German CPI (MoM) (Sep)��,0.30%,0.30%,0.30%,,
12:30,��USD,,GDP (QoQ) (Q2),2.10%,2.10%,2.00%,,
12:30,��USD,,Initial Jobless Claims,204K,215K,202K,,
20:00,��USD,,Fed Chair Powell Speaks��,,,,,
"Friday, September 29, 2023",,,,,,,,
9:00,��EUR,,CPI (YoY) (Sep)��,4.30%,4.50%,5.20%,,
12:30,��USD,,Core PCE Price Index (MoM) (Aug),0.10%,0.20%,0.20%,,
12:30,��USD,,Core PCE Price Index (YoY) (Aug),3.90%,3.90%,4.30%,,
13:45,��USD,,Chicago PMI (Sep),44.1,47.6,48.7,,
"Monday, October 2, 2023",,,,,,,,
13:45,��USD,,S&P Global US Manufacturing PMI (Sep),49.8,48.9,47.9,,
14:00,��USD,,ISM Manufacturing PMI (Sep),49,47.7,47.6,,
14:00,��USD,,ISM Manufacturing Prices (Sep),43.8,48.6,48.4,,
15:00,��USD,,Fed Chair Powell Speaks��,,,,,
"Tuesday, October 3, 2023",,,,,,,,
14:00,��USD,,JOLTs Job Openings (Aug),9.610M,8.800M,8.920M,,
"Wednesday, October 4, 2023",,,,,,,,
12:15,��USD,,ADP Nonfarm Employment Change (Sep),89K,153K,180K,,
13:45,��USD,,S&P Global Services PMI (Sep),50.1,50.2,50.5,,
14:00,��USD,,ISM Non-Manufacturing PMI (Sep),53.6,53.6,54.5,,
14:00,��USD,,ISM Non-Manufacturing Prices (Sep),58.9,,58.9,,
14:30,��USD,,Crude Oil Inventories,-2.224M,-0.446M,-2.170M,,
"Thursday, October 5, 2023",,,,,,,,
12:30,��USD,,Initial Jobless Claims,207K,210K,205K,,
"Friday, October 6, 2023",,,,,,,,
12:30,��USD,,Average Hourly Earnings (MoM) (Sep),0.20%,0.30%,0.20%,,
12:30,��USD,,Nonfarm Payrolls (Sep),336K,170K,227K,,
12:30,��USD,,Unemployment Rate (Sep),3.80%,3.70%,3.80%,,
"Wednesday, October 11, 2023",,,,,,,,
6:00,��EUR,,German CPI (MoM) (Sep),0.30%,0.30%,0.30%,,
12:30,��USD,,PPI (MoM) (Sep),0.50%,0.30%,0.70%,,
17:00,��USD,,10-Year Note Auction,4.61%,,4.29%,,
18:00,��USD,,FOMC Meeting Minutes��,,,,,
"Thursday, October 12, 2023",,,,,,,,
12:30,��USD,,Core CPI (MoM) (Sep),0.30%,0.30%,0.30%,,
12:30,��USD,,CPI (YoY) (Sep),3.70%,3.60%,3.70%,,
12:30,��USD,,CPI (MoM) (Sep),0.40%,0.30%,0.50%,,
12:30,��USD,,Initial Jobless Claims,209K,210K,209K,,
15:00,��USD,,Crude Oil Inventories,10.176M,0.492M,-2.224M,,
17:00,��USD,,30-Year Bond Auction,4.84%,,4.35%,,
"Tuesday, October 17, 2023",,,,,,,,
12:30,��USD,,Core Retail Sales (MoM) (Sep),0.60%,0.20%,0.90%,,
12:30,��USD,,Retail Sales (MoM) (Sep),0.70%,0.30%,0.80%,,
"Wednesday, October 18, 2023",,,,,,,,
9:00,��EUR,,CPI (YoY) (Sep),4.30%,4.30%,5.20%,,
14:30,��USD,,Crude Oil Inventories,-4.491M,-0.300M,10.176M,,
"Thursday, October 19, 2023",,,,,,,,
12:30,��USD,,Initial Jobless Claims,198K,212K,211K,,
12:30,��USD,,Philadelphia Fed Manufacturing Index (Oct),-9,-6.4,-13.5,,
14:00,��USD,,Existing Home Sales (Sep),3.96M,3.89M,4.04M,,
16:00,��USD,,Fed Chair Powell Speaks��,,,,,
"Tuesday, October 24, 2023",,,,,,,,
13:45,��USD,,S&P Global US Manufacturing PMI (Oct)��,50,49.5,49.8,,
13:45,��USD,,S&P Global Services PMI (Oct)��,50.9,49.8,50.1,,
"Wednesday, October 25, 2023",,,,,,,,
14:00,��USD,,New Home Sales (Sep),759K,680K,676K,,
14:30,��USD,,Crude Oil Inventories,1.371M,0.239M,-4.491M,,
20:35,��USD,,Fed Chair Powell Speaks��,,,,,
"Thursday, October 26, 2023",,,,,,,,
12:15,��EUR,,Deposit Facility Rate (Oct),4.00%,4.00%,4.00%,,
12:15,��EUR,,ECB Interest Rate Decision (Oct),4.50%,4.50%,4.50%,,
12:30,��USD,,Durable Goods Orders (MoM) (Sep),4.70%,1.70%,-0.10%,,
12:30,��USD,,GDP (QoQ) (Q3)��,4.90%,4.30%,2.10%,,
12:30,��USD,,Initial Jobless Claims,210K,208K,200K,,
12:45,��EUR,,ECB Press Conference��,,,,,
"Friday, October 27, 2023",,,,,,,,
12:30,��USD,,Core PCE Price Index (MoM) (Sep),0.30%,0.30%,0.10%,,
12:30,��USD,,Core PCE Price Index (YoY) (Sep),3.70%,3.70%,3.80%,,
"Monday, October 30, 2023",,,,,,,,
9:00,��EUR,,German GDP (QoQ) (Q3)��,-0.10%,-0.30%,0.10%,,
13:00,��EUR,,German CPI (MoM) (Oct)��,0.00%,0.20%,0.30%,,
"Tuesday, October 31, 2023",,,,,,,,
10:00,��EUR,,CPI (YoY) (Oct)��,2.90%,3.10%,4.30%,,
13:45,��USD,,Chicago PMI (Oct),44,45,44.1,,
14:00,��USD,,CB Consumer Confidence (Oct),102.6,100,104.3,,
"Wednesday, November 1, 2023",,,,,,,,
12:15,��USD,,ADP Nonfarm Employment Change (Oct),113K,150K,89K,,
13:45,��USD,,S&P Global US Manufacturing PMI (Oct),50,50,49.8,,
14:00,��USD,,ISM Manufacturing PMI (Oct),46.7,49,49,,
14:00,��USD,,ISM Manufacturing Prices (Oct),45.1,45,43.8,,
14:00,��USD,,JOLTs Job Openings (Sep),9.553M,9.250M,9.497M,,
14:30,��USD,,Crude Oil Inventories,0.774M,1.261M,1.371M,,
18:00,��USD,,FOMC Statement��,,,,,
18:00,��USD,,Fed Interest Rate Decision,5.50%,5.50%,5.50%,,
18:30,��USD,,FOMC Press Conference��,,,,,
"Thursday, November 2, 2023",,,,,,,,
12:30,��USD,,Initial Jobless Claims,217K,210K,212K,,
"Friday, November 3, 2023",,,,,,,,
12:30,��USD,,Average Hourly Earnings (MoM) (Oct),0.20%,0.30%,0.30%,,
12:30,��USD,,Nonfarm Payrolls (Oct),150K,180K,297K,,
12:30,��USD,,Unemployment Rate (Oct),3.90%,3.80%,3.80%,,
13:45,��USD,,S&P Global Services PMI (Oct),50.6,50.9,50.1,,
14:00,��USD,,ISM Non-Manufacturing PMI (Oct),51.8,53,53.6,,
14:00,��USD,,ISM Non-Manufacturing Prices (Oct),58.6,56.6,58.9,,
"Wednesday, November 8, 2023",,,,,,,,
7:00,��EUR,,German CPI (MoM) (Oct),0.00%,0.00%,0.30%,,
14:15,��USD,,Fed Chair Powell Speaks��,,,,,
18:00,��USD,,10-Year Note Auction,4.52%,,4.61%,,
"Thursday, November 9, 2023",,,,,,,,
13:30,��USD,,Initial Jobless Claims,217K,215K,220K,,
18:00,��USD,,30-Year Bond Auction,4.77%,,4.84%,,
19:00,��USD,,Fed Chair Powell Speaks��,,,,,
"Tuesday, November 14, 2023",,,,,,,,
13:30,��USD,,Core CPI (MoM) (Oct),0.20%,0.30%,0.30%,,
13:30,��USD,,CPI (YoY) (Oct),3.20%,3.30%,3.70%,,
13:30,��USD,,CPI (MoM) (Oct),0.00%,0.10%,0.40%,,
"Wednesday, November 15, 2023",,,,,,,,
13:30,��USD,,Core Retail Sales (MoM) (Oct),0.10%,-0.20%,0.80%,,
13:30,��USD,,PPI (MoM) (Oct),-0.50%,0.10%,0.40%,,
13:30,��USD,,Retail Sales (MoM) (Oct),-0.10%,-0.30%,0.90%,,
15:29,��USD,,Crude Oil Inventories,13.869M,,0.774M,,
15:30,��USD,,Crude Oil Inventories,3.600M,1.793M,13.869M,,
"Thursday, November 16, 2023",,,,,,,,
13:30,��USD,,Initial Jobless Claims,231K,220K,218K,,
13:30,��USD,,Philadelphia Fed Manufacturing Index (Nov),-5.9,-9,-9,,
"Friday, November 17, 2023",,,,,,,,
10:00,��EUR,,CPI (YoY) (Oct),2.90%,2.90%,4.30%,,
"Tuesday, November 21, 2023",,,,,,,,
15:00,��USD,,Existing Home Sales (Oct),3.79M,3.90M,3.95M,,
19:00,��USD,,FOMC Meeting Minutes��,,,,,
"Wednesday, November 22, 2023",,,,,,,,
13:30,��USD,,Durable Goods Orders (MoM) (Oct),-5.40%,-3.10%,4.00%,,
13:30,��USD,,Initial Jobless Claims,209K,225K,233K,,
15:30,��USD,,Crude Oil Inventories,8.701M,1.160M,3.592M,,
"Thursday, November 23, 2023",,,,,,,,
All Day,,Holiday,United States - Thanksgiving Day,,,,,
"Friday, November 24, 2023",,,,,,,,
,,Holiday,United States - Thanksgiving Day - Early close at 13:00,,,,,
7:00,��EUR,,German GDP (QoQ) (Q3),-0.10%,-0.10%,0.00%,,
14:45,��USD,,S&P Global US Manufacturing PMI (Nov)��,49.4,49.8,50,,
14:45,��USD,,S&P Global Services PMI (Nov)��,50.8,50.4,50.6,,
"Monday, November 27, 2023",,,,,,,,
15:00,��USD,,New Home Sales (Oct),679K,721K,719K,,
"Tuesday, November 28, 2023",,,,,,,,
15:00,��USD,,CB Consumer Confidence (Nov),102,101,99.1,,
"Wednesday, November 29, 2023",,,,,,,,
13:00,��EUR,,German CPI (MoM) (Nov)��,-0.40%,-0.20%,0.00%,,
13:30,��USD,,GDP (QoQ) (Q3)��,5.20%,4.90%,2.10%,,
15:30,��USD,,Crude Oil Inventories,1.609M,-0.933M,8.701M,,
"Thursday, November 30, 2023",,,,,,,,
10:00,��EUR,,CPI (YoY) (Nov)��,2.40%,2.70%,2.90%,,
13:30,��USD,,Core PCE Price Index (MoM) (Oct),0.20%,0.20%,0.30%,,
13:30,��USD,,Core PCE Price Index (YoY) (Oct),3.50%,3.50%,3.70%,,
13:30,��USD,,Initial Jobless Claims,218K,220K,211K,,
14:45,��USD,,Chicago PMI (Nov),55.8,45.4,44,,
"Friday, December 1, 2023",,,,,,,,
14:45,��USD,,S&P Global US Manufacturing PMI (Nov),49.4,49.4,50,,
15:00,��USD,,ISM Manufacturing PMI (Nov),46.7,47.6,46.7,,
15:00,��USD,,ISM Manufacturing Prices (Nov),49.9,46.2,45.1,,
16:00,��USD,,Fed Chair Powell Speaks��,,,,,
19:00,��USD,,Fed Chair Powell Speaks��,,,,,
"Tuesday, December 5, 2023",,,,,,,,
14:45,��USD,,S&P Global Services PMI (Nov),50.8,50.8,50.6,,
15:00,��USD,,ISM Non-Manufacturing PMI (Nov),52.7,52,51.8,,
15:00,��USD,,ISM Non-Manufacturing Prices (Nov),58.3,58,58.6,,
15:00,��USD,,JOLTs Job Openings (Oct),8.733M,9.300M,9.350M,,
"Wednesday, December 6, 2023",,,,,,,,
13:15,��USD,,ADP Nonfarm Employment Change (Nov),103K,130K,106K,,
15:30,��USD,,Crude Oil Inventories,-4.632M,-1.354M,1.609M,,
"Thursday, December 7, 2023",,,,,,,,
13:30,��USD,,Initial Jobless Claims,220K,222K,219K,,
"Friday, December 8, 2023",,,,,,,,
7:00,��EUR,,German CPI (MoM) (Nov),-0.40%,-0.40%,0.00%,,
13:30,��USD,,Average Hourly Earnings (MoM) (Nov),0.40%,0.30%,0.20%,,
13:30,��USD,,Nonfarm Payrolls (Nov),199K,180K,150K,,
13:30,��USD,,Unemployment Rate (Nov),3.70%,3.90%,3.90%,,
"Monday, December 11, 2023",,,,,,,,
18:00,��USD,,10-Year Note Auction,4.30%,,4.52%,,
"Tuesday, December 12, 2023",,,,,,,,
13:30,��USD,,Core CPI (MoM) (Nov),0.30%,0.30%,0.20%,,
13:30,��USD,,CPI (MoM) (Nov),0.10%,0.00%,0.10%,,
13:30,��USD,,CPI (YoY) (Nov),3.10%,3.10%,3.20%,,
18:00,��USD,,30-Year Bond Auction,4.34%,,4.77%,,
"Wednesday, December 13, 2023",,,,,,,,
13:30,��USD,,PPI (MoM) (Nov),0.00%,0.10%,-0.40%,,
15:30,��USD,,Crude Oil Inventories,-4.259M,-0.650M,-4.632M,,
19:00,��USD,,FOMC Economic Projections��,,,,,
19:00,��USD,,FOMC Statement��,,,,,
19:00,��USD,,Fed Interest Rate Decision,5.50%,5.50%,5.50%,,
19:30,��USD,,FOMC Press Conference��,,,,,
"Thursday, December 14, 2023",,,,,,,,
13:15,��EUR,,Deposit Facility Rate (Dec),4.00%,4.00%,4.00%,,
13:15,��EUR,,ECB Interest Rate Decision (Dec),4.50%,4.50%,4.50%,,
13:30,��USD,,Core Retail Sales (MoM) (Nov),0.20%,-0.10%,0.00%,,
13:30,��USD,,Initial Jobless Claims,202K,220K,221K,,
13:30,��USD,,Retail Sales (MoM) (Nov),0.30%,-0.10%,-0.20%,,
13:45,��EUR,,ECB Press Conference��,,,,,
"Friday, December 15, 2023",,,,,,,,
14:45,��USD,,S&P Global US Manufacturing PMI (Dec)��,48.2,49.3,49.4,,
14:45,��USD,,S&P Global Services PMI (Dec)��,51.3,50.6,50.8,,
"Tuesday, December 19, 2023",,,,,,,,
10:00,��EUR,,CPI (YoY) (Nov),2.40%,2.40%,2.90%,,
"Wednesday, December 20, 2023",,,,,,,,
15:00,��USD,,CB Consumer Confidence (Dec),110.7,103.8,101,,
15:00,��USD,,Existing Home Sales (Nov),3.82M,3.78M,3.79M,,
15:30,��USD,,Crude Oil Inventories,2.909M,-2.283M,-4.259M,,
"Thursday, December 21, 2023",,,,,,,,
13:30,��USD,,GDP (QoQ) (Q3),4.90%,5.20%,2.10%,,
13:30,��USD,,Initial Jobless Claims,205K,214K,203K,,
13:30,��USD,,Philadelphia Fed Manufacturing Index (Dec),-10.5,-3,-5.9,,
"Friday, December 22, 2023",,,,,,,,
13:30,��USD,,Core PCE Price Index (YoY) (Nov),3.20%,3.30%,3.40%,,
13:30,��USD,,Core PCE Price Index (MoM) (Nov),0.10%,0.20%,0.10%,,
13:30,��USD,,Durable Goods Orders (MoM) (Nov),5.40%,1.70%,-5.10%,,
15:00,��USD,,New Home Sales (Nov),590K,695K,672K,,
"Monday, December 25, 2023",,,,,,,,
All Day,,Holiday,United States - Christmas,,,,,
All Day,,Holiday,Germany - Christmas,,,,,
All Day,,Holiday,France - Christmas,,,,,
"Tuesday, December 26, 2023",,,,,,,,
All Day,,Holiday,Germany - Boxing Day,,,,,
All Day,,Holiday,France - Boxing Day,,,,,
"Thursday, December 28, 2023",,,,,,,,
13:30,��USD,,Initial Jobless Claims,218K,210K,206K,,
16:00,��USD,,Crude Oil Inventories,-7.114M,-2.704M,2.909M,,
"Friday, December 29, 2023",,,,,,,,
14:45,��USD,,Chicago PMI (Dec),46.9,51,55.8,,
"Monday, January 1, 2024",,,,,,,,
All Day,,Holiday,United States - New Year's Day,,,,,
All Day,,Holiday,Germany - New Year's Day,,,,,
All Day,,Holiday,France - New Year's Day,,,,,
"Tuesday, January 2, 2024",,,,,,,,
14:45,��USD,,S&P Global US Manufacturing PMI (Dec),47.9,48.2,49.4,,
"Wednesday, January 3, 2024",,,,,,,,
15:00,��USD,,ISM Manufacturing PMI (Dec),47.4,47.1,46.7,,
15:00,��USD,,ISM Manufacturing Prices (Dec),45.2,47.5,49.9,,
15:00,��USD,,JOLTs Job Openings (Nov),8.790M,8.850M,8.852M,,
19:00,��USD,,FOMC Meeting Minutes��,,,,,
"Thursday, January 4, 2024",,,,,,,,
13:00,��EUR,,German CPI (MoM) (Dec)��,0.10%,0.10%,-0.40%,,
13:15,��USD,,ADP Nonfarm Employment Change (Dec),164K,115K,101K,,
13:30,��USD,,Initial Jobless Claims,202K,216K,220K,,
14:45,��USD,,S&P Global Services PMI (Dec),51.4,51.3,50.8,,
16:00,��USD,,Crude Oil Inventories,-5.503M,-3.725M,-7.114M,,
"Friday, January 5, 2024",,,,,,,,
10:00,��EUR,,CPI (YoY) (Dec)��,2.90%,3.00%,2.40%,,
13:30,��USD,,Average Hourly Earnings (MoM) (Dec),0.40%,0.30%,0.40%,,
13:30,��USD,,Nonfarm Payrolls (Dec),216K,170K,173K,,
13:30,��USD,,Unemployment Rate (Dec),3.70%,3.80%,3.70%,,
15:00,��USD,,ISM Non-Manufacturing PMI (Dec),50.6,52.6,52.7,,
15:00,��USD,,ISM Non-Manufacturing Prices (Dec),57.4,57.3,58.3,,
"Wednesday, January 10, 2024",,,,,,,,
15:30,��USD,,Crude Oil Inventories,1.338M,-0.675M,-5.503M,,
18:00,��USD,,10-Year Note Auction,4.02%,,4.30%,,
"Thursday, January 11, 2024",,,,,,,,
13:30,��USD,,Core CPI (MoM) (Dec),0.30%,0.30%,0.30%,,
13:30,��USD,,CPI (YoY) (Dec),3.40%,3.20%,3.10%,,
13:30,��USD,,CPI (MoM) (Dec),0.30%,0.20%,0.20%,,
13:30,��USD,,Initial Jobless Claims,202K,210K,203K,,
18:00,��USD,,30-Year Bond Auction,4.23%,,4.34%,,
"Friday, January 12, 2024",,,,,,,,
13:30,��USD,,PPI (MoM) (Dec),-0.10%,0.10%,-0.10%,,
"Monday, January 15, 2024",,,,,,,,
All Day,,Holiday,"United States - Martin Luther King, Jr. Day",,,,,
"Tuesday, January 16, 2024",,,,,,,,
7:00,��EUR,,German CPI (MoM) (Dec),0.10%,0.10%,-0.40%,,
"Wednesday, January 17, 2024",,,,,,,,
10:00,��EUR,,CPI (YoY) (Dec),2.90%,2.90%,2.40%,,
13:30,��USD,,Core Retail Sales (MoM) (Dec),0.40%,0.20%,0.20%,,
13:30,��USD,,Retail Sales (MoM) (Dec),0.60%,0.40%,0.30%,,
"Thursday, January 18, 2024",,,,,,,,
13:30,��USD,,Initial Jobless Claims,187K,207K,203K,,
13:30,��USD,,Philadelphia Fed Manufacturing Index (Jan),-10.6,-7,-12.8,,
16:00,��USD,,Crude Oil Inventories,-2.492M,-0.313M,1.338M,,
"Friday, January 19, 2024",,,,,,,,
15:00,��USD,,Existing Home Sales (Dec),3.78M,3.82M,3.82M,,
"Wednesday, January 24, 2024",,,,,,,,
14:45,��USD,,S&P Global US Manufacturing PMI (Jan)��,50.3,47.9,47.9,,
14:45,��USD,,S&P Global Services PMI (Jan)��,52.9,51,51.4,,
15:30,��USD,,Crude Oil Inventories,-9.233M,-2.150M,-2.492M,,
"Thursday, January 25, 2024",,,,,,,,
13:15,��EUR,,Deposit Facility Rate (Jan),4.00%,4.00%,4.00%,,
13:15,��EUR,,ECB Interest Rate Decision (Jan),4.50%,4.50%,4.50%,,
13:30,��USD,,Durable Goods Orders (MoM) (Dec),0.00%,1.10%,5.50%,,
13:30,��USD,,GDP (QoQ) (Q4)��,3.30%,2.00%,4.90%,,
13:30,��USD,,Initial Jobless Claims,214K,200K,189K,,
13:45,��EUR,,ECB Press Conference��,,,,,
15:00,��USD,,New Home Sales (Dec),664K,645K,615K,,
"Friday, January 26, 2024",,,,,,,,
13:30,��USD,,Core PCE Price Index (YoY) (Dec),2.90%,3.00%,3.20%,,
13:30,��USD,,Core PCE Price Index (MoM) (Dec),0.20%,0.20%,0.10%,,
"Tuesday, January 30, 2024",,,,,,,,
9:00,��EUR,,German GDP (QoQ) (Q4)��,-0.30%,-0.30%,-0.10%,,
15:00,��USD,,CB Consumer Confidence (Jan),114.8,114.2,108,,
15:00,��USD,,JOLTs Job Openings (Dec),9.026M,8.750M,8.925M,,
"Wednesday, January 31, 2024",,,,,,,,
13:00,��EUR,,German CPI (MoM) (Jan)��,0.20%,0.20%,0.10%,,
13:15,��USD,,ADP Nonfarm Employment Change (Jan),107K,145K,158K,,
14:45,��USD,,Chicago PMI (Jan),46,48,47.2,,
15:30,��USD,,Crude Oil Inventories,1.234M,-0.217M,-9.233M,,
19:00,��USD,,FOMC Statement��,,,,,
19:00,��USD,,Fed Interest Rate Decision,5.50%,5.50%,5.50%,,
19:30,��USD,,FOMC Press Conference��,,,,,
"Thursday, February 1, 2024",,,,,,,,
10:00,��EUR,,CPI (YoY) (Jan)��,2.80%,2.70%,2.90%,,
13:30,��USD,,Initial Jobless Claims,224K,213K,215K,,
14:45,��USD,,S&P Global US Manufacturing PMI (Jan),50.7,50.3,47.9,,
15:00,��USD,,ISM Manufacturing PMI (Jan),49.1,47.2,47.1,,
15:00,��USD,,ISM Manufacturing Prices (Jan),52.9,46,45.2,,
"Friday, February 2, 2024",,,,,,,,
13:30,��USD,,Average Hourly Earnings (MoM) (Jan),0.60%,0.30%,0.40%,,
13:30,��USD,,Nonfarm Payrolls (Jan),353K,187K,333K,,
13:30,��USD,,Unemployment Rate (Jan),3.70%,3.80%,3.70%,,
"Monday, February 5, 2024",,,,,,,,
0:00,��USD,,Fed Chair Powell Speaks��,,,,,
14:45,��USD,,S&P Global Services PMI (Jan),52.5,52.9,51.4,,
15:00,��USD,,ISM Non-Manufacturing PMI (Jan),53.4,52,50.5,,
15:00,��USD,,ISM Non-Manufacturing Prices (Jan),64,56.5,57.4,,
"Wednesday, February 7, 2024",,,,,,,,
15:30,��USD,,Crude Oil Inventories,5.520M,1.700M,1.234M,,
18:00,��USD,,10-Year Note Auction,4.09%,,4.02%,,
"Thursday, February 8, 2024",,,,,,,,
13:30,��USD,,Initial Jobless Claims,218K,221K,227K,,
18:00,��USD,,30-Year Bond Auction,4.36%,,4.23%,,
"Friday, February 9, 2024",,,,,,,,
7:00,��EUR,,German CPI (MoM) (Jan),0.20%,0.20%,0.10%,,
"Tuesday, February 13, 2024",,,,,,,,
13:30,��USD,,Core CPI (MoM) (Jan),0.40%,0.30%,0.30%,,
13:30,��USD,,CPI (MoM) (Jan),0.30%,0.20%,0.20%,,
13:30,��USD,,CPI (YoY) (Jan),3.10%,2.90%,3.40%,,
"Wednesday, February 14, 2024",,,,,,,,
15:30,��USD,,Crude Oil Inventories,12.018M,3.300M,5.521M,,
"Thursday, February 15, 2024",,,,,,,,
13:30,��USD,,Core Retail Sales (MoM) (Jan),-0.60%,0.20%,0.40%,,
13:30,��USD,,Initial Jobless Claims,212K,219K,220K,,
13:30,��USD,,Philadelphia Fed Manufacturing Index (Feb),5.2,-8,-10.6,,
13:30,��USD,,Retail Sales (MoM) (Jan),-0.80%,-0.20%,0.40%,,
"Friday, February 16, 2024",,,,,,,,
13:30,��USD,,PPI (MoM) (Jan),0.30%,0.10%,-0.10%,,
"Monday, February 19, 2024",,,,,,,,
All Day,,Holiday,United States - Washington's Birthday,,,,,
"Wednesday, February 21, 2024",,,,,,,,
19:00,��USD,,FOMC Meeting Minutes��,,,,,
"Thursday, February 22, 2024",,,,,,,,
10:00,��EUR,,CPI (YoY) (Jan),2.80%,2.80%,2.90%,,
13:30,��USD,,Initial Jobless Claims,201K,217K,213K,,
14:45,��USD,,S&P Global US Manufacturing PMI (Feb)��,51.5,50.5,50.7,,
14:45,��USD,,S&P Global Services PMI (Feb)��,51.3,52.4,52.5,,
15:00,��USD,,Existing Home Sales (Jan),4.00M,3.96M,3.88M,,
16:00,��USD,,Crude Oil Inventories,3.514M,3.879M,12.018M,,
"Friday, February 23, 2024",,,,,,,,
7:00,��EUR,,German GDP (QoQ) (Q4),-0.30%,-0.30%,-0.10%,,
"Monday, February 26, 2024",,,,,,,,
15:00,��USD,,New Home Sales (Jan),661K,680K,651K,,
"Tuesday, February 27, 2024",,,,,,,,
13:30,��USD,,Durable Goods Orders (MoM) (Jan),-6.10%,-4.90%,-0.30%,,
15:00,��USD,,CB Consumer Confidence (Feb),106.7,114.8,110.9,,
"Wednesday, February 28, 2024",,,,,,,,
13:30,��USD,,GDP (QoQ) (Q4)��,3.20%,3.30%,4.90%,,
15:30,��USD,,Crude Oil Inventories,4.199M,3.100M,3.514M,,
"Thursday, February 29, 2024",,,,,,,,
13:00,��EUR,,German CPI (MoM) (Feb)��,0.40%,0.50%,0.20%,,
13:30,��USD,,Core PCE Price Index (MoM) (Jan),0.40%,0.40%,0.10%,,
13:30,��USD,,Core PCE Price Index (YoY) (Jan),2.80%,2.80%,2.90%,,
13:30,��USD,,Initial Jobless Claims,215K,209K,202K,,
14:45,��USD,,Chicago PMI (Feb),44,48.1,46,,
"Friday, March 1, 2024",,,,,,,,
10:00,��EUR,,CPI (YoY) (Feb)��,2.60%,2.50%,2.80%,,
14:45,��USD,,S&P Global US Manufacturing PMI (Feb),52.2,51.5,50.7,,
15:00,��USD,,Fed Monetary Policy Report��,,,,,
15:00,��USD,,ISM Manufacturing PMI (Feb),47.8,49.5,49.1,,
15:00,��USD,,ISM Manufacturing Prices (Feb),52.5,53.5,52.9,,
"Tuesday, March 5, 2024",,,,,,,,
14:45,��USD,,S&P Global Services PMI (Feb),52.3,51.3,52.5,,
15:00,��USD,,ISM Non-Manufacturing PMI (Feb),52.6,53,53.4,,
15:00,��USD,,ISM Non-Manufacturing Prices (Feb),58.6,62,64,,
"Wednesday, March 6, 2024",,,,,,,,
13:15,��USD,,ADP Nonfarm Employment Change (Feb),140K,149K,111K,,
15:00,��USD,,Fed Chair Powell Testifies��,,,,,
15:00,��USD,,JOLTs Job Openings (Jan),8.863M,8.800M,8.889M,,
15:30,��USD,,Crude Oil Inventories,1.367M,2.400M,4.199M,,
"Thursday, March 7, 2024",,,,,,,,
13:15,��EUR,,Deposit Facility Rate (Mar),4.00%,4.00%,4.00%,,
13:15,��EUR,,ECB Interest Rate Decision (Mar),4.50%,4.50%,4.50%,,
13:30,��USD,,Initial Jobless Claims,217K,217K,217K,,
13:45,��EUR,,ECB Press Conference��,,,,,
15:00,��USD,,Fed Chair Powell Testifies��,,,,,
"Friday, March 8, 2024",,,,,,,,
2:00,��USD,,U.S. President Biden Speaks��,,,,,
13:30,��USD,,Average Hourly Earnings (MoM) (Feb),0.10%,0.20%,0.50%,,
13:30,��USD,,Nonfarm Payrolls (Feb),275K,198K,229K,,
13:30,��USD,,Unemployment Rate (Feb),3.90%,3.70%,3.70%,,
"Tuesday, March 12, 2024",,,,,,,,
7:00,��EUR,,German CPI (MoM) (Feb),0.40%,0.40%,0.20%,,
12:30,��USD,,Core CPI (MoM) (Feb),0.40%,0.30%,0.40%,,
12:30,��USD,,CPI (MoM) (Feb),0.40%,0.40%,0.30%,,
12:30,��USD,,CPI (YoY) (Feb),3.20%,3.10%,3.10%,,
17:00,��USD,,10-Year Note Auction,4.17%,,4.09%,,
"Wednesday, March 13, 2024",,,,,,,,
14:30,��USD,,Crude Oil Inventories,-1.536M,0.900M,1.367M,,
17:00,��USD,,30-Year Bond Auction,4.33%,,4.36%,,
"Thursday, March 14, 2024",,,,,,,,
12:30,��USD,,Core Retail Sales (MoM) (Feb),0.30%,0.50%,-0.80%,,
12:30,��USD,,Initial Jobless Claims,209K,218K,210K,,
12:30,��USD,,PPI (MoM) (Feb),0.60%,0.30%,0.30%,,
12:30,��USD,,Retail Sales (MoM) (Feb),0.60%,0.80%,-1.10%,,
"Monday, March 18, 2024",,,,,,,,
10:00,��EUR,,CPI (YoY) (Feb),2.60%,2.60%,2.80%,,
"Wednesday, March 20, 2024",,,,,,,,
14:30,��USD,,Crude Oil Inventories,-1.952M,-0.900M,-1.536M,,
18:00,��USD,,FOMC Economic Projections��,,,,,
18:00,��USD,,FOMC Statement��,,,,,
18:00,��USD,,Fed Interest Rate Decision,5.50%,5.50%,5.50%,,
18:30,��USD,,FOMC Press Conference��,,,,,
"Thursday, March 21, 2024",,,,,,,,
12:30,��USD,,Initial Jobless Claims,210K,212K,212K,,
12:30,��USD,,Philadelphia Fed Manufacturing Index (Mar),3.2,-2.6,5.2,,
13:45,��USD,,S&P Global US Manufacturing PMI (Mar)��,52.5,51.8,52.2,,
13:45,��USD,,S&P Global Services PMI (Mar)��,51.7,52,52.3,,
14:00,��USD,,Existing Home Sales (Feb),4.38M,3.95M,4.00M,,
"Friday, March 22, 2024",,,,,,,,
13:00,��USD,,Fed Chair Powell Speaks��,,,,,
"Monday, March 25, 2024",,,,,,,,
14:00,��USD,,New Home Sales (Feb),662K,675K,664K,,
"Tuesday, March 26, 2024",,,,,,,,
12:30,��USD,,Durable Goods Orders (MoM) (Feb),1.40%,1.20%,-6.90%,,
14:00,��USD,,CB Consumer Confidence (Mar),104.7,106.9,104.8,,
"Wednesday, March 27, 2024",,,,,,,,
14:30,��USD,,Crude Oil Inventories,3.165M,-0.700M,-1.952M,,
"Thursday, March 28, 2024",,,,,,,,
12:30,��USD,,GDP (QoQ) (Q4),3.40%,3.20%,4.90%,,
12:30,��USD,,Initial Jobless Claims,210K,212K,212K,,
13:45,��USD,,Chicago PMI (Mar),41.4,45.9,44,,
"Friday, March 29, 2024",,,,,,,,
All Day,,Holiday,United States - Good Friday,,,,,
All Day,,Holiday,Germany - Good Friday,,,,,
All Day,,Holiday,France - Good Friday,,,,,
12:30,��USD,,Core PCE Price Index (YoY) (Feb),2.80%,2.80%,2.90%,,
12:30,��USD,,Core PCE Price Index (MoM) (Feb),0.30%,0.30%,0.50%,,
15:30,��USD,,Fed Chair Powell Speaks��,,,,,
"Monday, April 1, 2024",,,,,,,,
All Day,,Holiday,Germany - Easter,,,,,
All Day,,Holiday,France - Easter,,,,,
13:45,��USD,,S&P Global US Manufacturing PMI (Mar),51.9,52.5,52.2,,
14:00,��USD,,ISM Manufacturing PMI (Mar),50.3,48.5,47.8,,
14:00,��USD,,ISM Manufacturing Prices (Mar),55.8,53.3,52.5,,
"Tuesday, April 2, 2024",,,,,,,,
12:00,��EUR,,German CPI (MoM) (Mar)��,0.40%,0.50%,0.40%,,
14:00,��USD,,JOLTs Job Openings (Feb),8.756M,8.760M,8.748M,,
"Wednesday, April 3, 2024",,,,,,,,
9:00,��EUR,,CPI (YoY) (Mar)��,2.40%,2.50%,2.60%,,
12:15,��USD,,ADP Nonfarm Employment Change (Mar),184K,148K,155K,,
13:45,��USD,,S&P Global Services PMI (Mar),51.7,51.7,52.3,,
14:00,��USD,,ISM Non-Manufacturing PMI (Mar),51.4,52.8,52.6,,
14:00,��USD,,ISM Non-Manufacturing Prices (Mar),53.4,58.4,58.6,,
14:30,��USD,,Crude Oil Inventories,3.210M,-0.300M,3.165M,,
16:10,��USD,,Fed Chair Powell Speaks��,,,,,
"Thursday, April 4, 2024",,,,,,,,
12:30,��USD,,Initial Jobless Claims,221K,213K,212K,,
"Friday, April 5, 2024",,,,,,,,
12:30,��USD,,Average Hourly Earnings (MoM) (Mar),0.30%,0.30%,0.20%,,
12:30,��USD,,Nonfarm Payrolls (Mar),303K,212K,270K,,
12:30,��USD,,Unemployment Rate (Mar),3.80%,3.90%,3.90%,,
"Wednesday, April 10, 2024",,,,,,,,
12:30,��USD,,Core CPI (MoM) (Mar),0.40%,0.30%,0.40%,,
12:30,��USD,,CPI (YoY) (Mar),3.50%,3.40%,3.20%,,
12:30,��USD,,CPI (MoM) (Mar),0.40%,0.30%,0.40%,,
14:30,��USD,,Crude Oil Inventories,5.841M,0.900M,3.210M,,
17:00,��USD,,10-Year Note Auction,4.56%,,4.17%,,
18:00,��USD,,FOMC Meeting Minutes��,,,,,
"Thursday, April 11, 2024",,,,,,,,
12:15,��EUR,,Deposit Facility Rate (Apr),4.00%,4.00%,4.00%,,
12:15,��EUR,,ECB Interest Rate Decision (Apr),4.50%,4.50%,4.50%,,
12:30,��USD,,Initial Jobless Claims,211K,216K,222K,,
12:30,��USD,,PPI (MoM) (Mar),0.20%,0.30%,0.60%,,
12:45,��EUR,,ECB Press Conference��,,,,,
17:00,��USD,,30-Year Bond Auction,4.67%,,4.33%,,
"Friday, April 12, 2024",,,,,,,,
6:00,��EUR,,German CPI (MoM) (Mar),0.40%,0.40%,0.40%,,
"Monday, April 15, 2024",,,,,,,,
12:30,��USD,,Core Retail Sales (MoM) (Mar),1.10%,0.50%,0.60%,,
12:30,��USD,,Retail Sales (MoM) (Mar),0.70%,0.40%,0.90%,,
"Tuesday, April 16, 2024",,,,,,,,
17:15,��USD,,Fed Chair Powell Speaks��,,,,,
"Wednesday, April 17, 2024",,,,,,,,
9:00,��EUR,,CPI (YoY) (Mar),2.40%,2.40%,2.60%,,
14:30,��USD,,Crude Oil Inventories,2.735M,1.600M,5.841M,,
"Thursday, April 18, 2024",,,,,,,,
12:30,��USD,,Initial Jobless Claims,212K,215K,212K,,
12:30,��USD,,Philadelphia Fed Manufacturing Index (Apr),15.5,1.5,3.2,,
14:00,��USD,,Existing Home Sales (Mar),4.19M,4.20M,4.38M,,
"Tuesday, April 23, 2024",,,,,,,,
13:45,��USD,,S&P Global US Manufacturing PMI (Apr)��,49.9,52,51.9,,
13:45,��USD,,S&P Global Services PMI (Apr)��,50.9,52,51.7,,
14:00,��USD,,New Home Sales (Mar),693K,668K,637K,,
"Wednesday, April 24, 2024",,,,,,,,
12:30,��USD,,Durable Goods Orders (MoM) (Mar),2.60%,2.50%,0.70%,,
14:30,��USD,,Crude Oil Inventories,-6.368M,1.600M,2.735M,,
"Thursday, April 25, 2024",,,,,,,,
12:30,��USD,,GDP (QoQ) (Q1)��,1.60%,2.50%,3.40%,,
12:30,��USD,,Initial Jobless Claims,207K,214K,212K,,
"Friday, April 26, 2024",,,,,,,,
12:30,��USD,,Core PCE Price Index (YoY) (Mar),2.80%,2.60%,2.80%,,
12:30,��USD,,Core PCE Price Index (MoM) (Mar),0.30%,0.30%,0.30%,,
"Monday, April 29, 2024",,,,,,,,
12:00,��EUR,,German CPI (MoM) (Apr)��,0.50%,0.60%,0.40%,,
"Tuesday, April 30, 2024",,,,,,,,
8:00,��EUR,,German GDP (QoQ) (Q1)��,0.20%,0.10%,-0.50%,,
9:00,��EUR,,CPI (YoY) (Apr)��,2.40%,2.40%,2.40%,,
13:45,��USD,,Chicago PMI (Apr),37.9,44.9,41.4,,
14:00,��USD,,CB Consumer Confidence (Apr),97,104,103.1,,
"Wednesday, May 1, 2024",,,,,,,,
All Day,,Holiday,Germany - Labor Day,,,,,
All Day,,Holiday,France - Labor Day,,,,,
12:15,��USD,,ADP Nonfarm Employment Change (Apr),192K,179K,208K,,
13:45,��USD,,S&P Global US Manufacturing PMI (Apr),50,49.9,51.9,,
14:00,��USD,,ISM Manufacturing PMI (Apr),49.2,50,50.3,,
14:00,��USD,,ISM Manufacturing Prices (Apr),60.9,55.5,55.8,,
14:00,��USD,,JOLTs Job Openings (Mar),8.488M,8.680M,8.813M,,
14:30,��USD,,Crude Oil Inventories,7.265M,-2.300M,-6.368M,,
18:00,��USD,,FOMC Statement��,,,,,
18:00,��USD,,Fed Interest Rate Decision,5.50%,5.50%,5.50%,,
18:30,��USD,,FOMC Press Conference��,,,,,
"Thursday, May 2, 2024",,,,,,,,
12:30,��USD,,Initial Jobless Claims,208K,212K,208K,,
"Friday, May 3, 2024",,,,,,,,
12:30,��USD,,Average Hourly Earnings (MoM) (Apr),0.20%,0.30%,0.30%,,
12:30,��USD,,Nonfarm Payrolls (Apr),175K,238K,315K,,
12:30,��USD,,Unemployment Rate (Apr),3.90%,3.80%,3.80%,,
13:45,��USD,,S&P Global Services PMI (Apr),51.3,50.9,51.7,,
14:00,��USD,,ISM Non-Manufacturing PMI (Apr),49.4,52,51.4,,
14:00,��USD,,ISM Non-Manufacturing Prices (Apr),59.2,55,53.4,,
"Wednesday, May 8, 2024",,,,,,,,
14:30,��USD,,Crude Oil Inventories,-1.362M,-1.430M,7.265M,,
17:00,��USD,,10-Year Note Auction,4.48%,,4.56%,,
"Thursday, May 9, 2024",,,,,,,,
12:30,��USD,,Initial Jobless Claims,231K,212K,209K,,
17:00,��USD,,30-Year Bond Auction,4.64%,,4.67%,,
"Tuesday, May 14, 2024",,,,,,,,
6:00,��EUR,,German CPI (MoM) (Apr),0.50%,0.50%,0.40%,,
12:30,��USD,,PPI (MoM) (Apr),0.50%,0.30%,-0.10%,,
14:00,��USD,,Fed Chair Powell Speaks��,,,,,
"Wednesday, May 15, 2024",,,,,,,,
12:30,��USD,,Core CPI (MoM) (Apr),0.30%,0.30%,0.40%,,
12:30,��USD,,Core Retail Sales (MoM) (Apr),0.20%,0.20%,0.90%,,
12:30,��USD,,CPI (MoM) (Apr),0.30%,0.40%,0.40%,,
12:30,��USD,,CPI (YoY) (Apr),3.40%,3.40%,3.50%,,
12:30,��USD,,Retail Sales (MoM) (Apr),0.00%,0.40%,0.60%,,
14:30,��USD,,Crude Oil Inventories,-2.508M,-0.400M,-1.362M,,
"Thursday, May 16, 2024",,,,,,,,
12:30,��USD,,Initial Jobless Claims,222K,219K,232K,,
12:30,��USD,,Philadelphia Fed Manufacturing Index (May),4.5,7.7,15.5,,
"Friday, May 17, 2024",,,,,,,,
9:00,��EUR,,CPI (YoY) (Apr),2.40%,2.40%,2.40%,,
"Sunday, May 19, 2024",,,,,,,,
19:30,��USD,,Fed Chair Powell Speaks��,,,,,
"Wednesday, May 22, 2024",,,,,,,,
14:00,��USD,,Existing Home Sales (Apr),4.14M,4.21M,4.22M,,
14:30,��USD,,Crude Oil Inventories,1.825M,-2.400M,-2.508M,,
18:00,��USD,,FOMC Meeting Minutes��,,,,,
"Thursday, May 23, 2024",,,,,,,,
12:30,��USD,,Initial Jobless Claims,215K,220K,223K,,
13:45,��USD,,S&P Global US Manufacturing PMI (May)��,50.9,50,50,,
13:45,��USD,,S&P Global Services PMI (May)��,54.8,51.2,51.3,,
14:00,��USD,,New Home Sales (Apr),634K,677K,665K,,
"Friday, May 24, 2024",,,,,,,,
6:00,��EUR,,German GDP (QoQ) (Q1),0.20%,0.20%,-0.30%,,
12:30,��USD,,Durable Goods Orders (MoM) (Apr),0.70%,-0.90%,0.80%,,
"Monday, May 27, 2024",,,,,,,,
All Day,,Holiday,United States - Memorial Day,,,,,
"Tuesday, May 28, 2024",,,,,,,,
14:00,��USD,,CB Consumer Confidence (May),102,96,97.5,,
"Wednesday, May 29, 2024",,,,,,,,
12:00,��EUR,,German CPI (MoM) (May)��,0.10%,0.20%,0.50%,,
"Thursday, May 30, 2024",,,,,,,,
12:30,��USD,,GDP (QoQ) (Q1)��,1.30%,1.60%,3.40%,,
12:30,��USD,,Initial Jobless Claims,219K,218K,216K,,
15:00,��USD,,Crude Oil Inventories,-4.156M,-1.600M,1.825M,,
"Friday, May 31, 2024",,,,,,,,
9:00,��EUR,,CPI (YoY) (May)��,2.60%,2.50%,2.40%,,
12:30,��USD,,Core PCE Price Index (MoM) (Apr),0.20%,0.30%,0.30%,,
12:30,��USD,,Core PCE Price Index (YoY) (Apr),2.80%,2.80%,2.80%,,
13:45,��USD,,Chicago PMI (May),35.4,41.1,37.9,,
"Monday, June 3, 2024",,,,,,,,
13:45,��USD,,S&P Global US Manufacturing PMI (May),51.3,50.9,50,,
14:00,��USD,,ISM Manufacturing PMI (May),48.7,49.8,49.2,,
14:00,��USD,,ISM Manufacturing Prices (May),57,60,60.9,,
"Tuesday, June 4, 2024",,,,,,,,
14:00,��USD,,JOLTs Job Openings (Apr),8.059M,8.370M,8.355M,,
"Wednesday, June 5, 2024",,,,,,,,
12:15,��USD,,ADP Nonfarm Employment Change (May),152K,173K,188K,,
13:45,��USD,,S&P Global Services PMI (May),54.8,54.8,51.3,,
14:00,��USD,,ISM Non-Manufacturing PMI (May),53.8,51,49.4,,
14:00,��USD,,ISM Non-Manufacturing Prices (May),58.1,59,59.2,,
14:30,��USD,,Crude Oil Inventories,1.233M,-2.100M,-4.156M,,
"Thursday, June 6, 2024",,,,,,,,
12:15,��EUR,,Deposit Facility Rate (Jun),3.75%,3.75%,4.00%,,
12:15,��EUR,,ECB Interest Rate Decision (Jun),4.25%,4.25%,4.50%,,
12:30,��USD,,Initial Jobless Claims,229K,220K,221K,,
12:45,��EUR,,ECB Press Conference��,,,,,
"Friday, June 7, 2024",,,,,,,,
12:30,��USD,,Average Hourly Earnings (MoM) (May),0.40%,0.30%,0.20%,,
12:30,��USD,,Nonfarm Payrolls (May),272K,182K,165K,,
12:30,��USD,,Unemployment Rate (May),4.00%,3.90%,3.90%,,
"Tuesday, June 11, 2024",,,,,,,,
17:00,��USD,,10-Year Note Auction,4.44%,,4.48%,,
"Wednesday, June 12, 2024",,,,,,,,
6:00,��EUR,,German CPI (MoM) (May),0.10%,0.10%,0.50%,,
12:30,��USD,,Core CPI (MoM) (May),0.20%,0.30%,0.30%,,
12:30,��USD,,CPI (YoY) (May),3.30%,3.40%,3.40%,,
12:30,��USD,,CPI (MoM) (May),0.00%,0.10%,0.30%,,
14:30,��USD,,Crude Oil Inventories,3.730M,-1.200M,1.233M,,
18:00,��USD,,FOMC Economic Projections��,,,,,
18:00,��USD,,FOMC Statement��,,,,,
18:00,��USD,,Fed Interest Rate Decision,5.50%,5.50%,5.50%,,
18:30,��USD,,FOMC Press Conference��,,,,,
"Thursday, June 13, 2024",,,,,,,,
12:30,��USD,,Initial Jobless Claims,242K,225K,229K,,
12:30,��USD,,PPI (MoM) (May),-0.20%,0.10%,0.50%,,
17:00,��USD,,30-Year Bond Auction,4.40%,,4.64%,,
"Tuesday, June 18, 2024",,,,,,,,
9:00,��EUR,,CPI (YoY) (May),2.60%,2.60%,2.40%,,
12:30,��USD,,Core Retail Sales (MoM) (May),-0.10%,0.20%,-0.10%,,
12:30,��USD,,Retail Sales (MoM) (May),0.10%,0.30%,-0.20%,,
"Wednesday, June 19, 2024",,,,,,,,
All Day,,Holiday,United States - Juneteenth,,,,,
"Thursday, June 20, 2024",,,,,,,,
12:30,��USD,,Initial Jobless Claims,238K,235K,243K,,
12:30,��USD,,Philadelphia Fed Manufacturing Index (Jun),1.3,4.8,4.5,,
15:00,��USD,,Crude Oil Inventories,-2.547M,-2.800M,3.730M,,
"Friday, June 21, 2024",,,,,,,,
13:45,��USD,,S&P Global US Manufacturing PMI (Jun)��,51.7,51,51.3,,
13:45,��USD,,S&P Global Services PMI (Jun)��,55.1,53.4,54.8,,
14:00,��USD,,Existing Home Sales (May),4.11M,4.08M,4.14M,,
"Tuesday, June 25, 2024",,,,,,,,
14:00,��USD,,CB Consumer Confidence (Jun),100.4,100,101.3,,
"Wednesday, June 26, 2024",,,,,,,,
14:00,��USD,,New Home Sales (May),619K,636K,698K,,
14:30,��USD,,Crude Oil Inventories,3.591M,-2.600M,-2.547M,,
"Thursday, June 27, 2024",,,,,,,,
12:30,��USD,,Durable Goods Orders (MoM) (May),0.10%,-0.50%,0.20%,,
12:30,��USD,,GDP (QoQ) (Q1),1.40%,1.30%,3.40%,,
12:30,��USD,,Initial Jobless Claims,233K,236K,239K,,
"Friday, June 28, 2024",,,,,,,,
1:00,��USD,,U.S. President Biden Speaks��,,,,,
12:30,��USD,,Core PCE Price Index (MoM) (May),0.10%,0.10%,0.30%,,
12:30,��USD,,Core PCE Price Index (YoY) (May),2.60%,2.60%,2.80%,,
13:45,��USD,,Chicago PMI (Jun),47.4,39.7,35.4,,
"Monday, July 1, 2024",,,,,,,,
12:00,��EUR,,German CPI (MoM) (Jun)��,0.10%,0.20%,0.10%,,
13:45,��USD,,S&P Global US Manufacturing PMI (Jun),51.6,51.7,51.3,,
14:00,��USD,,ISM Manufacturing PMI (Jun),48.5,49.2,48.7,,
14:00,��USD,,ISM Manufacturing Prices (Jun),52.1,55.8,57,,
"Tuesday, July 2, 2024",,,,,,,,
9:00,��EUR,,CPI (YoY) (Jun)��,2.50%,2.50%,2.60%,,
13:30,��USD,,Fed Chair Powell Speaks��,,,,,
14:00,��USD,,JOLTs Job Openings (May),8.140M,7.960M,7.919M,,
"Wednesday, July 3, 2024",,,,,,,,
,,Holiday,United States - Independence Day - Early close at 13:00,,,,,
12:15,��USD,,ADP Nonfarm Employment Change (Jun),150K,163K,157K,,
12:30,��USD,,Initial Jobless Claims,238K,234K,234K,,
13:45,��USD,,S&P Global Services PMI (Jun),55.3,55.1,54.8,,
14:00,��USD,,ISM Non-Manufacturing PMI (Jun),48.8,52.6,53.8,,
14:00,��USD,,ISM Non-Manufacturing Prices (Jun),56.3,56.7,58.1,,
14:30,��USD,,Crude Oil Inventories,-12.157M,-0.400M,3.591M,,
18:00,��USD,,FOMC Meeting Minutes��,,,,,
"Thursday, July 4, 2024",,,,,,,,
All Day,,Holiday,United States - Independence Day,,,,,
"Friday, July 5, 2024",,,,,,,,
12:30,��USD,,Average Hourly Earnings (MoM) (Jun),0.30%,0.30%,0.40%,,
12:30,��USD,,Nonfarm Payrolls (Jun),206K,191K,218K,,
12:30,��USD,,Unemployment Rate (Jun),4.10%,4.00%,4.00%,,
15:00,��USD,,Fed Monetary Policy Report��,,,,,
"Tuesday, July 9, 2024",,,,,,,,
14:00,��USD,,Fed Chair Powell Testifies��,,,,,
"Wednesday, July 10, 2024",,,,,,,,
14:00,��USD,,Fed Chair Powell Testifies��,,,,,
14:30,��USD,,Crude Oil Inventories,-3.443M,0.700M,-12.157M,,
17:00,��USD,,10-Year Note Auction,4.28%,,4.44%,,
"Thursday, July 11, 2024",,,,,,,,
6:00,��EUR,,German CPI (MoM) (Jun),0.10%,0.10%,0.10%,,
12:30,��USD,,Core CPI (MoM) (Jun),0.10%,0.20%,0.20%,,
12:30,��USD,,CPI (YoY) (Jun),3.00%,3.10%,3.30%,,
12:30,��USD,,CPI (MoM) (Jun),-0.10%,0.10%,0.00%,,
12:30,��USD,,Initial Jobless Claims,222K,236K,239K,,
17:00,��USD,,30-Year Bond Auction,4.41%,,4.40%,,
"Friday, July 12, 2024",,,,,,,,
12:30,��USD,,PPI (MoM) (Jun),0.20%,0.10%,0.00%,,
"Monday, July 15, 2024",,,,,,,,
16:30,��USD,,Fed Chair Powell Speaks��,,,,,
"Tuesday, July 16, 2024",,,,,,,,
12:30,��USD,,Core Retail Sales (MoM) (Jun),0.40%,0.10%,0.10%,,
12:30,��USD,,Retail Sales (MoM) (Jun),0.00%,-0.30%,0.30%,,
"Wednesday, July 17, 2024",,,,,,,,
9:00,��EUR,,CPI (YoY) (Jun),2.50%,2.50%,2.60%,,
14:30,��USD,,Crude Oil Inventories,-4.870M,-0.900M,-3.443M,,
"Thursday, July 18, 2024",,,,,,,,
12:15,��EUR,,Deposit Facility Rate (Jul),3.75%,3.75%,3.75%,,
12:15,��EUR,,ECB Interest Rate Decision (Jul),4.25%,4.25%,4.25%,,
12:30,��USD,,Initial Jobless Claims,243K,229K,223K,,
12:30,��USD,,Philadelphia Fed Manufacturing Index (Jul),13.9,2.7,1.3,,
12:45,��EUR,,ECB Press Conference��,,,,,
"Tuesday, July 23, 2024",,,,,,,,
14:00,��USD,,Existing Home Sales (Jun),3.89M,3.99M,4.11M,,
"Wednesday, July 24, 2024",,,,,,,,
13:45,��USD,,S&P Global US Manufacturing PMI (Jul)��,49.5,51.7,51.6,,
13:45,��USD,,S&P Global Services PMI (Jul)��,56,54.7,55.3,,
14:00,��USD,,New Home Sales (Jun),617K,639K,621K,,
14:30,��USD,,Crude Oil Inventories,-3.741M,-2.600M,-4.870M,,
"Thursday, July 25, 2024",,,,,,,,
0:00,��USD,,U.S. President Biden Speaks��,,,,,
12:30,��USD,,Durable Goods Orders (MoM) (Jun),-6.60%,0.30%,0.10%,,
12:30,��USD,,GDP (QoQ) (Q2)��,2.80%,2.00%,1.40%,,
12:30,��USD,,Initial Jobless Claims,235K,237K,245K,,
"Friday, July 26, 2024",,,,,,,,
12:30,��USD,,Core PCE Price Index (YoY) (Jun),2.60%,2.50%,2.60%,,
12:30,��USD,,Core PCE Price Index (MoM) (Jun),0.20%,0.20%,0.10%,,
"Tuesday, July 30, 2024",,,,,,,,
8:00,��EUR,,German GDP (QoQ) (Q2)��,-0.10%,0.10%,0.20%,,
12:00,��EUR,,German CPI (MoM) (Jul)��,0.30%,0.30%,0.10%,,
14:00,��USD,,CB Consumer Confidence (Jul),100.3,99.7,97.8,,
14:00,��USD,,JOLTs Job Openings (Jun),8.184M,8.020M,8.230M,,
"Wednesday, July 31, 2024",,,,,,,,
9:00,��EUR,,CPI (YoY) (Jul)��,2.60%,2.50%,2.50%,,
12:15,��USD,,ADP Nonfarm Employment Change (Jul),122K,147K,155K,,
13:45,��USD,,Chicago PMI (Jul),45.3,44.8,47.4,,
14:30,��USD,,Crude Oil Inventories,-3.436M,-1.600M,-3.741M,,
18:00,��USD,,FOMC Statement��,,,,,
18:00,��USD,,Fed Interest Rate Decision,5.50%,5.50%,5.50%,,
18:30,��USD,,FOMC Press Conference��,,,,,
"Thursday, August 1, 2024",,,,,,,,
12:30,��USD,,Initial Jobless Claims,249K,236K,235K,,
13:45,��USD,,S&P Global US Manufacturing PMI (Jul),49.6,49.5,51.6,,
14:00,��USD,,ISM Manufacturing PMI (Jul),46.8,48.8,48.5,,
14:00,��USD,,ISM Manufacturing Prices (Jul),52.9,51.9,52.1,,
"Friday, August 2, 2024",,,,,,,,
12:30,��USD,,Average Hourly Earnings (MoM) (Jul),0.20%,0.30%,0.30%,,
12:30,��USD,,Nonfarm Payrolls (Jul),114K,176K,179K,,
12:30,��USD,,Unemployment Rate (Jul),4.30%,4.10%,4.10%,,
"Monday, August 5, 2024",,,,,,,,
13:45,��USD,,S&P Global Services PMI (Jul),55,56,55.3,,
14:00,��USD,,ISM Non-Manufacturing PMI (Jul),51.4,51.4,48.8,,
14:00,��USD,,ISM Non-Manufacturing Prices (Jul),57,56,56.3,,
"Wednesday, August 7, 2024",,,,,,,,
14:30,��USD,,Crude Oil Inventories,-3.728M,-1.600M,-3.436M,,
17:00,��USD,,10-Year Note Auction,3.96%,,4.28%,,
"Thursday, August 8, 2024",,,,,,,,
12:30,��USD,,Initial Jobless Claims,233K,241K,250K,,
17:01,��USD,,30-Year Bond Auction,4.31%,,4.41%,,
"Friday, August 9, 2024",,,,,,,,
6:00,��EUR,,German CPI (MoM) (Jul),0.30%,0.30%,0.10%,,
"Tuesday, August 13, 2024",,,,,,,,
12:30,��USD,,PPI (MoM) (Jul),0.10%,0.20%,0.20%,,
"Wednesday, August 14, 2024",,,,,,,,
12:30,��USD,,Core CPI (MoM) (Jul),0.20%,0.20%,0.10%,,
12:30,��USD,,CPI (YoY) (Jul),2.90%,3.00%,3.00%,,
12:30,��USD,,CPI (MoM) (Jul),0.20%,0.20%,-0.10%,,
14:30,��USD,,Crude Oil Inventories,1.357M,-1.900M,-3.728M,,
"Thursday, August 15, 2024",,,,,,,,
12:30,��USD,,Core Retail Sales (MoM) (Jul),0.40%,0.10%,0.50%,,
12:30,��USD,,Initial Jobless Claims,227K,236K,234K,,
12:30,��USD,,Philadelphia Fed Manufacturing Index (Aug),-7,5.4,13.9,,
12:30,��USD,,Retail Sales (MoM) (Jul),1.00%,0.40%,-0.20%,,
"Tuesday, August 20, 2024",,,,,,,,
9:00,��EUR,,CPI (YoY) (Jul),2.60%,2.60%,2.50%,,
"Wednesday, August 21, 2024",,,,,,,,
14:30,��USD,,Crude Oil Inventories,-4.649M,-2.000M,1.357M,,
18:00,��USD,,FOMC Meeting Minutes��,,,,,
"Thursday, August 22, 2024",,,,,,,,
12:30,��USD,,Initial Jobless Claims,232K,232K,228K,,
13:45,��USD,,S&P Global US Manufacturing PMI (Aug)��,48,49.5,49.6,,
13:45,��USD,,S&P Global Services PMI (Aug)��,55.2,54,55,,
14:00,��USD,,Existing Home Sales (Jul),3.95M,3.94M,3.90M,,
"Friday, August 23, 2024",,,,,,,,
14:00,��USD,,Fed Chair Powell Speaks��,,,,,
14:00,��USD,,New Home Sales (Jul),739K,624K,668K,,
"Monday, August 26, 2024",,,,,,,,
12:30,��USD,,Durable Goods Orders (MoM) (Jul),9.90%,4.00%,-6.90%,,
"Tuesday, August 27, 2024",,,,,,,,
6:00,��EUR,,German GDP (QoQ) (Q2),-0.10%,-0.10%,0.20%,,
14:00,��USD,,CB Consumer Confidence (Aug),103.3,100.9,101.9,,
"Wednesday, August 28, 2024",,,,,,,,
14:30,��USD,,Crude Oil Inventories,-0.846M,-2.700M,-4.649M,,
"Thursday, August 29, 2024",,,,,,,,
12:00,��EUR,,German CPI (MoM) (Aug)��,-0.10%,0.00%,0.30%,,
12:30,��USD,,GDP (QoQ) (Q2)��,3.00%,2.80%,1.40%,,
12:30,��USD,,Initial Jobless Claims,231K,232K,233K,,
"Friday, August 30, 2024",,,,,,,,
9:00,��EUR,,CPI (YoY) (Aug)��,2.20%,2.20%,2.60%,,
12:30,��USD,,Core PCE Price Index (YoY) (Jul),2.60%,2.70%,2.60%,,
12:30,��USD,,Core PCE Price Index (MoM) (Jul),0.20%,0.20%,0.20%,,
13:45,��USD,,Chicago PMI (Aug),46.1,45,45.3,,
"Monday, September 2, 2024",,,,,,,,
All Day,,Holiday,United States - Labor Day,,,,,
"Tuesday, September 3, 2024",,,,,,,,
13:45,��USD,,S&P Global US Manufacturing PMI (Aug),47.9,48,49.6,,
14:00,��USD,,ISM Manufacturing PMI (Aug),47.2,47.5,46.8,,
14:00,��USD,,ISM Manufacturing Prices (Aug),54,52.1,52.9,,
"Wednesday, September 4, 2024",,,,,,,,
14:00,��USD,,JOLTs Job Openings (Jul),7.673M,8.090M,7.910M,,
"Thursday, September 5, 2024",,,,,,,,
12:15,��USD,,ADP Nonfarm Employment Change (Aug),99K,144K,111K,,
12:30,��USD,,Initial Jobless Claims,227K,231K,232K,,
13:45,��USD,,S&P Global Services PMI (Aug),55.7,55.2,55,,
14:00,��USD,,ISM Non-Manufacturing PMI (Aug),51.5,51.3,51.4,,
14:00,��USD,,ISM Non-Manufacturing Prices (Aug),57.3,56,57,,
15:00,��USD,,Crude Oil Inventories,-6.873M,-0.600M,-0.846M,,
"Friday, September 6, 2024",,,,,,,,
12:30,��USD,,Average Hourly Earnings (MoM) (Aug),0.40%,0.30%,-0.10%,,
12:30,��USD,,Nonfarm Payrolls (Aug),142K,164K,89K,,
12:30,��USD,,Unemployment Rate (Aug),4.20%,4.20%,4.30%,,
"Tuesday, September 10, 2024",,,,,,,,
6:00,��EUR,,German CPI (MoM) (Aug),-0.10%,-0.10%,0.30%,,
"Wednesday, September 11, 2024",,,,,,,,
12:30,��USD,,Core CPI (MoM) (Aug),0.30%,0.20%,0.20%,,
12:30,��USD,,CPI (YoY) (Aug),2.50%,2.50%,2.90%,,
12:30,��USD,,CPI (MoM) (Aug),0.20%,0.20%,0.20%,,
14:30,��USD,,Crude Oil Inventories,0.833M,0.900M,-6.873M,,
17:00,��USD,,10-Year Note Auction,3.65%,,3.96%,,
"Thursday, September 12, 2024",,,,,,,,
12:15,��EUR,,Deposit Facility Rate (Sep),3.50%,3.50%,3.75%,,
12:15,��EUR,,ECB Interest Rate Decision (Sep),3.65%,3.65%,4.25%,,
12:30,��USD,,Initial Jobless Claims,230K,227K,228K,,
12:30,��USD,,PPI (MoM) (Aug),0.20%,0.10%,0.00%,,
12:45,��EUR,,ECB Press Conference��,,,,,
17:00,��USD,,30-Year Bond Auction,4.02%,,4.31%,,
"Tuesday, September 17, 2024",,,,,,,,
12:30,��USD,,Core Retail Sales (MoM) (Aug),0.10%,0.20%,0.40%,,
12:30,��USD,,Retail Sales (MoM) (Aug),0.10%,-0.20%,1.10%,,
"Wednesday, September 18, 2024",,,,,,,,
9:00,��EUR,,CPI (YoY) (Aug),2.20%,2.20%,2.60%,,
14:30,��USD,,Crude Oil Inventories,-1.630M,-0.200M,0.833M,,
18:00,��USD,,FOMC Economic Projections��,,,,,
18:00,��USD,,FOMC Statement��,,,,,
18:00,��USD,,Fed Interest Rate Decision,5.00%,5.25%,5.50%,,
18:30,��USD,,FOMC Press Conference��,,,,,
"Thursday, September 19, 2024",,,,,,,,
12:30,��USD,,Initial Jobless Claims,219K,230K,231K,,
12:30,��USD,,Philadelphia Fed Manufacturing Index (Sep),1.7,-0.8,-7,,
14:00,��USD,,Existing Home Sales (Aug),3.86M,3.92M,3.96M,,
"Monday, September 23, 2024",,,,,,,,
13:45,��USD,,S&P Global US Manufacturing PMI (Sep)��,,48.6,47.9,,
13:45,��USD,,S&P Global Services PMI (Sep)��,,55.3,55.7,,
